Accession,genome_count_A,genome_count_B,absent_count_A,absent_count_B,total_genomes_A,total_genomes_B,freq_A,freq_B,odds_ratio_A_vs_B,p_value,freq_difference_A_minus_B,absolute_freq_difference,freq_ratio,fdr_bh,significant_fdr,enriched_clade
VFG015165(gb|WP_003134060),198,2670,8542,169,8740,2839,0.02265446224256293,0.9404719971821064,0.0014437382439748568,0,-0.9178175349395434,0.9178175349395434,41.513763916018235,0,TRUE,Clade_B
VFG042211(gb|WP_003134054),195,2433,8545,406,8740,2839,0.02231121281464531,0.8569918985558295,0.0037908807134838874,0,-0.8346806857411841,0.8346806857411841,38.41081637629718,0,TRUE,Clade_B
VFG042704(gb|NP_249683),873,2522,7867,317,8740,2839,0.09988558352402746,0.8883409651285664,0.013959154237231628,0,-0.788455381604539,0.788455381604539,8.893585378263081,0,TRUE,Clade_B
VFG015860(gb|WP_003138138),1317,2439,7423,400,8740,2839,0.15068649885583524,0.8591053187742163,0.029112050525078557,0,-0.708418819918381,0.708418819918381,5.7012759955099845,0,TRUE,Clade_B
VFG015859(gb|NP_252177),1318,2439,7422,400,8740,2839,0.15080091533180778,0.8591053187742163,0.029138069035470743,0,-0.7083044034424084,0.7083044034424084,5.6969502929337255,0,TRUE,Clade_B
VFG051486(gb|WP_003140107.1),759,2134,7981,705,8740,2839,0.0868421052631579,0.7516731243395561,0.031435991476670803,0,-0.6648310190763982,0.6648310190763982,8.655629916637313,0,TRUE,Clade_B
VFG014985(gb|WP_012077206),80,1749,8660,1090,8740,2839,0.009153318077803204,0.6160619936597393,0.005759931321804444,0,-0.6069086755819362,0.6069086755819362,67.30477280732653,0,TRUE,Clade_B
VFG014056(gb|WP_003148852),1099,1564,7641,1275,8740,2839,0.12574370709382152,0.5508982035928144,0.1172861300983485,0,-0.42515449649899284,0.42515449649899284,4.381119471702636,0,TRUE,Clade_B
VFG016037(gb|WP_011062375),2301,1949,6439,890,8740,2839,0.26327231121281464,0.6865093342726312,0.16321348629997812,0,-0.42323702305981653,0.42323702305981653,2.6076017303532364,0,TRUE,Clade_B
VFG020073(gb|WP_043205221),715,1427,8025,1412,8740,2839,0.08180778032036613,0.5026417752729835,0.08820815446690687,0,-0.42083399495261736,0.42083399495261736,6.144180581658567,0,TRUE,Clade_B
VFG014292(gb|WP_012076715),3692,2387,5048,452,8740,2839,0.42242562929061783,0.8407890102148644,0.13851779007556247,0,-0.4183633809242466,0.4183633809242466,1.9903835182226206,0,TRUE,Clade_B
VFG041045(gb|NP_251063),5617,2777,3123,62,8740,2839,0.6426773455377575,0.9781613244100035,0.0401592859344012,0,-0.335483978872246,0.335483978872246,1.5220099653451007,0,TRUE,Clade_B
VFG051659(gb|WP_003139309.1),5633,2777,3107,62,8740,2839,0.6445080091533181,0.9781613244100035,0.04048107586946185,0,-0.3336533152566854,0.3336533152566854,1.517686840998301,0,TRUE,Clade_B
VFG051656(gb|WP_012614145.1),5635,2777,3105,62,8740,2839,0.6447368421052632,0.9781613244100035,0.04052153277696044,0,-0.3334244823047403,0.3334244823047403,1.5171481766359238,0,TRUE,Clade_B
VFG014175(gb|WP_003149706),459,1043,8281,1796,8740,2839,0.05251716247139588,0.3673828812962311,0.0954534450710344,0,-0.3148657188248352,0.3148657188248352,6.995482314878126,0,TRUE,Clade_B
VFG014253(gb|WP_012076724),208,943,8532,1896,8740,2839,0.02379862700228833,0.3321592109897851,0.04905466949633033,0,-0.3083605839874968,0.3083605839874968,13.957074538705395,0,TRUE,Clade_B
VFG016088(gb|WP_012075637),43,575,8697,2264,8740,2839,0.004919908466819222,0.20253610426206411,0.019473970977973203,2.4500034233969e-310,-0.1976161957952449,0.1976161957952449,41.16664072675443,1.813002533313715e-308,TRUE,Clade_B
VFG014074(gb|WP_012074002),1139,1140,7601,1699,8740,2839,0.1303203661327231,0.4015498414934836,0.22336196685187484,8.329506989662995e-197,-0.2712294753607605,0.2712294753607605,3.081251637096617,5.0283918511281344e-195,TRUE,Clade_B
VFG031373(gb|WP_015291324),329,610,8411,2229,8740,2839,0.03764302059496567,0.2148643888693202,0.142963514234004,3.953226737151757e-167,-0.17722136827435453,0.17722136827435453,5.707947594887108,2.2118785695185686e-165,TRUE,Clade_B
VFG031374(gb|WP_015294300),329,610,8411,2229,8740,2839,0.03764302059496567,0.2148643888693202,0.142963514234004,3.953226737151757e-167,-0.17722136827435453,0.17722136827435453,5.707947594887108,2.2118785695185686e-165,TRUE,Clade_B
VFG013784(gb|WP_016254080),627,795,8113,2044,8740,2839,0.07173913043478261,0.28002817893624515,0.19873629189731531,1.865118246178724e-164,-0.20828904850146254,0.20828904850146254,3.903423100323417,9.950188969148819e-163,TRUE,Clade_B
VFG015996(gb|WP_003122677),6391,2681,2349,158,8740,2839,0.7312356979405035,0.9443466009158155,0.16036064892418841,3.685894888017958e-155,-0.213110902975312,0.213110902975312,1.2914394135509664,1.7990303985347227e-153,TRUE,Clade_B
VFG015995(gb|WP_003148549),6389,2680,2351,159,8740,2839,0.7310068649885584,0.943994364212751,0.16124798392828027,1.0421580674698365e-154,-0.21298749922419258,0.21298749922419258,1.2913618317764037,4.879001238317969e-153,TRUE,Clade_B
VFG015994(gb|NP_251084),6391,2680,2349,159,8740,2839,0.7312356979405035,0.943994364212751,0.16143578264181468,1.7986591209800966e-154,-0.2127586662722475,0.2127586662722475,1.2909577129118202,8.090439261820277e-153,TRUE,Clade_B
VFG014136(gb|WP_011666598),20,271,8720,2568,8740,2839,0.002288329519450801,0.09545614653046848,0.02174110155820427,3.343127164388781e-142,-0.09316781701101767,0.09316781701101767,41.714336033814725,1.1619899568345247e-140,TRUE,Clade_B
VFG014138(gb|WP_003138473),20,271,8720,2568,8740,2839,0.002288329519450801,0.09545614653046848,0.02174110155820427,3.343127164388781e-142,-0.09316781701101767,0.09316781701101767,41.714336033814725,1.1619899568345247e-140,TRUE,Clade_B
VFG014144(gb|WP_003138479),20,271,8720,2568,8740,2839,0.002288329519450801,0.09545614653046848,0.02174110155820427,3.343127164388781e-142,-0.09316781701101767,0.09316781701101767,41.714336033814725,1.1619899568345247e-140,TRUE,Clade_B
VFG014140(gb|WP_016254249),19,269,8721,2570,8740,2839,0.002173913043478261,0.09475167312433956,0.02082154079532203,5.0088641205119975e-142,-0.0925777600808613,0.0925777600808613,43.5857696371962,1.7149752675305257e-140,TRUE,Clade_B
VFG014143(gb|WP_003138478),20,270,8720,2569,8740,2839,0.002288329519450801,0.09510390982740402,0.021830108940854107,1.3682318412071583e-141,-0.09281558030795321,0.09281558030795321,41.560408594575556,4.420737808069325e-140,TRUE,Clade_B
VFG014139(gb|WP_003138474),21,271,8719,2568,8740,2839,0.002402745995423341,0.09545614653046848,0.022830605848069407,3.5949866110725827e-141,-0.09305340053504514,0.09305340053504514,39.72793907982355,1.1454026785834034e-139,TRUE,Clade_B
VFG014137(gb|WP_003138472),21,270,8719,2569,8740,2839,0.002402745995423341,0.09510390982740402,0.02292407179890278,1.4661477731085398e-140,-0.09270116383198068,0.09270116383198068,39.58134151864339,4.484457322014654e-139,TRUE,Clade_B
VFG014142(gb|WP_016254248),21,270,8719,2569,8740,2839,0.002402745995423341,0.09510390982740402,0.02292407179890278,1.4661477731085398e-140,-0.09270116383198068,0.09270116383198068,39.58134151864339,4.484457322014654e-139,TRUE,Clade_B
VFG014146(gb|WP_003138482),21,270,8719,2569,8740,2839,0.002402745995423341,0.09510390982740402,0.02292407179890278,1.4661477731085398e-140,-0.09270116383198068,0.09270116383198068,39.58134151864339,4.484457322014654e-139,TRUE,Clade_B
VFG014145(gb|WP_003138480),18,259,8722,2580,8740,2839,0.002059496567505721,0.09122930609369496,0.020564660180528077,5.83970988020321e-137,-0.08916980952618925,0.08916980952618925,44.29689640327189,1.7626703243666005e-135,TRUE,Clade_B
VFG014141(gb|WP_003138476),17,257,8723,2582,8740,2839,0.0019450800915331808,0.09052483268756605,0.01958634780954681,8.29309339082063e-137,-0.08857975259603286,0.08857975259603286,46.54041398172513,2.4706956153951334e-135,TRUE,Clade_B
VFG016043(gb|WP_011666644),6361,2643,2379,196,8740,2839,0.7278032036613272,0.930961606199366,0.19830805939896853,8.001064413713425e-135,-0.20315840253803874,0.20315840253803874,1.2791391979535385,2.353133559622897e-133,TRUE,Clade_B
VFG015983(gb|NP_251083),3593,1884,5147,955,8740,2839,0.4110983981693364,0.6636139485734414,0.35388750646645745,3.2857284541368534e-122,-0.25251555040410495,0.25251555040410495,1.614246009054238,8.764489620685978e-121,TRUE,Clade_B
VFG015985(gb|WP_003103610),3600,1884,5140,955,8740,2839,0.41189931350114417,0.6636139485734414,0.35505972007709674,1.6659476896169163e-121,-0.2517146350722972,0.2517146350722972,1.611107197369966,4.392740229863455e-120,TRUE,Clade_B
VFG014708(gb|WP_003153718),5,204,8735,2635,8740,2839,5.720823798627002e-4,0.0718562874251497,0.007412974590112093,8.386048855503281e-119,-0.071284205045287,0.071284205045287,125.60479041916167,2.1615276488229804e-117,TRUE,Clade_B
VFG016042(gb|WP_161440564),5244,2287,3496,552,8740,2839,0.6,0.8055653399084185,0.36206700592553165,1.2179598389450943e-94,-0.20556533990841852,0.20556533990841852,1.3426088998473642,2.5171170004865282e-93,TRUE,Clade_B
VFG000111(gb|NP_253215),1552,1033,7188,1806,8740,2839,0.17757437070938215,0.36386051426558647,0.3775242629000675,1.2655359006358705e-88,-0.18628614355620432,0.18628614355620432,2.0490598548203773,2.5244690052684235e-87,TRUE,Clade_B
VFG015260(gb|WP_162885235),1,143,8739,2696,8740,2839,1.1441647597254005e-4,0.05036984853821768,0.002149283725983124,3.4897353958728567e-87,-0.05025543206224514,0.05025543206224514,440.2324762240225,6.842267519771226e-86,TRUE,Clade_B
VFG015261(gb|WP_004656243),1,143,8739,2696,8740,2839,1.1441647597254005e-4,0.05036984853821768,0.002149283725983124,3.4897353958728567e-87,-0.05025543206224514,0.05025543206224514,440.2324762240225,6.842267519771226e-86,TRUE,Clade_B
VFG043628,3,137,8737,2702,8740,2839,3.4324942791762013e-4,0.04825642831983093,0.006785735360951534,3.679532857580085e-80,-0.04791317889191331,0.04791317889191331,140.5870611717741,7.0931498952006e-79,TRUE,Clade_B
VFG042709(gb|WP_003141493),3,136,8737,2703,8740,2839,3.4324942791762013e-4,0.04790419161676647,0.006838303209713176,1.5240093857228979e-79,-0.04756094218884885,0.04756094218884885,139.56087824351297,2.9133979423736065e-78,TRUE,Clade_B
VFG025863(gb|WP_011546711),53,203,8687,2636,8740,2839,0.006064073226544622,0.07150405072208524,0.07925111227957521,1.1720627779637179e-77,-0.06543997749554062,0.06543997749554062,11.791422703981604,2.1859447257307064e-76,TRUE,Clade_B
VFG025866(gb|WP_012327704),53,203,8687,2636,8740,2839,0.006064073226544622,0.07150405072208524,0.07925111227957521,1.1720627779637179e-77,-0.06543997749554062,0.06543997749554062,11.791422703981604,2.1859447257307064e-76,TRUE,Clade_B
VFG042710(gb|WP_003141495),3,132,8737,2707,8740,2839,3.4324942791762013e-4,0.04649524480450863,0.007056572420761792,4.465295761069222e-77,-0.04615199537659101,0.04615199537659101,135.4561465304685,8.26079715797806e-76,TRUE,Clade_B
VFG025865(gb|WP_006493442),55,203,8685,2636,8740,2839,0.006292906178489702,0.07150405072208524,0.08226169988360894,1.5451182153127545e-76,-0.06521114454359554,0.06521114454359554,11.362643696564092,2.835600948741967e-75,TRUE,Clade_B
VFG042707(gb|WP_003141489),3,131,8737,2708,8740,2839,3.4324942791762013e-4,0.04614300810144417,0.007113231242009162,1.8453625532589968e-76,-0.04579975867352655,0.04579975867352655,134.42996360220735,3.3332769269103455e-75,TRUE,Clade_B
VFG042708(gb|WP_003141491),3,131,8737,2708,8740,2839,3.4324942791762013e-4,0.04614300810144417,0.007113231242009162,1.8453625532589968e-76,-0.04579975867352655,0.04579975867352655,134.42996360220735,3.3332769269103455e-75,TRUE,Clade_B
VFG000112(gb|NP_253216),2007,1163,6733,1676,8740,2839,0.22963386727688787,0.4096512856639662,0.4296036806349776,4.405177055283116e-74,-0.18001741838707833,0.18001741838707833,1.7839323551086521,7.833702453348425e-73,TRUE,Clade_B
VFG025876(gb|WP_011546712),250,347,8490,2492,8740,2839,0.028604118993135013,0.12222613596336739,0.21150718368027233,1.5864068410702467e-72,-0.09362201697023237,0.09362201697023237,4.273025713279323,2.736253604071538e-71,TRUE,Clade_B
VFG025878(gb|WP_012492267),250,347,8490,2492,8740,2839,0.028604118993135013,0.12222613596336739,0.21150718368027233,1.5864068410702467e-72,-0.09362201697023237,0.09362201697023237,4.273025713279323,2.736253604071538e-71,TRUE,Clade_B
VFG025879(gb|WP_012327703),250,347,8490,2492,8740,2839,0.028604118993135013,0.12222613596336739,0.21150718368027233,1.5864068410702467e-72,-0.09362201697023237,0.09362201697023237,4.273025713279323,2.736253604071538e-71,TRUE,Clade_B
VFG013775(gb|WP_003141354),1300,862,7440,1977,8740,2839,0.14874141876430205,0.3036280380415639,0.40078711511157267,7.961464209366084e-70,-0.15488661927726186,0.15488661927726186,2.0413146557563606,1.3629551415138652e-68,TRUE,Clade_B
VFG013937(gb|WP_003141555),1293,851,7447,1988,8740,2839,0.1479405034324943,0.2997534343078549,0.40566715062021885,1.2429990862382242e-67,-0.1518129308753606,0.1518129308753606,2.0261755729703417,2.0966469881106516e-66,TRUE,Clade_B
VFG013885(gb|WP_003141780),1300,854,7440,1985,8740,2839,0.14874141876430205,0.30081014441704823,0.40620083112319166,1.3218992600224266e-67,-0.15206872565274618,0.15206872565274618,2.0223697401576937,2.2134575930594504e-66,TRUE,Clade_B
VFG015962(gb|WP_012075675),3292,1585,5448,1254,8740,2839,0.37665903890160185,0.558295174357168,0.47809657451364385,2.5644995434515044e-64,-0.18163613545556617,0.18163613545556617,1.4822295941317278,4.085390244915105e-63,TRUE,Clade_B
VFG013762(gb|WP_003141352),2329,1235,6411,1604,8740,2839,0.2664759725400458,0.43501232828460723,0.47185593746808335,9.886143670477796e-62,-0.16853635574456144,0.16853635574456144,1.6324636106515529,1.4631492632307138e-60,TRUE,Clade_B
VFG015974(gb|WP_041025344),3327,1563,5413,1276,8740,2839,0.3806636155606407,0.5505459668897499,0.5017963517970404,1.6978474781937222e-56,-0.16988235132910917,0.16988235132910917,1.4462794561516124,2.434288821860249e-55,TRUE,Clade_B
VFG013862(gb|WP_003116135),1217,775,7523,2064,8740,2839,0.13924485125858124,0.27298344487495596,0.43086713817882505,5.052608024628975e-56,-0.13373859361637472,0.13373859361637472,1.9604562926927813,7.154742474382018e-55,TRUE,Clade_B
VFG013925(gb|WP_016254061),1252,786,7488,2053,8740,2839,0.14324942791762013,0.27685804860866503,0.43675708847297895,5.034897263145687e-55,-0.1336086206910449,0.1336086206910449,1.9326991572202337,7.04271604979037e-54,TRUE,Clade_B
VFG013872(gb|WP_003116136),1222,773,7518,2066,8740,2839,0.13981693363844394,0.27227897146882707,0.43446530070947376,5.9368044745094284e-55,-0.13246203783038313,0.13246203783038313,1.9473962443842459,8.253957251227048e-54,TRUE,Clade_B
VFG016021(gb|WP_003148545),3442,1592,5298,1247,8740,2839,0.39382151029748286,0.5607608312786192,0.5089114814217492,2.0285964258954453e-54,-0.16693932098113634,0.16693932098113634,1.4238958934849306,2.8033736150627416e-53,TRUE,Clade_B
VFG013849(gb|WP_003141783),1232,775,7508,2064,8740,2839,0.14096109839816934,0.27298344487495596,0.4370483352015597,2.5770110416987487e-54,-0.13202234647678662,0.13202234647678662,1.9365871008174635,3.539918161471215e-53,TRUE,Clade_B
VFG013810(gb|WP_003116267),1245,779,7495,2060,8740,2839,0.14244851258581237,0.2743923916872138,0.439301007511114,6.013731666990782e-54,-0.13194387910140143,0.13194387910140143,1.9262566291937737,8.2116074071886045e-53,TRUE,Clade_B
VFG013931(gb|WP_003116263),1249,780,7491,2059,8740,2839,0.14290617848970252,0.27474462839027824,0.4401685268489224,7.961145982904151e-54,-0.13183844990057572,0.13183844990057572,1.922552483691779,1.0806431292770486e-52,TRUE,Clade_B
VFG013962(gb|WP_003141552),1248,779,7492,2060,8740,2839,0.14279176201372998,0.2743923916872138,0.44053572135154023,1.1309177691343706e-53,-0.13160062967348382,0.13160062967348382,1.921626204604366,1.5260737425848507e-52,TRUE,Clade_B
VFG014565(gb|WP_012076409),6055,2363,2685,476,8740,2839,0.6927917620137299,0.8323353293413174,0.45430416667398543,7.295175362960694e-51,-0.13954356732758744,0.13954356732758744,1.201422093879953,9.673486868573312e-50,TRUE,Clade_B
VFG016094(gb|WP_012075666),1735,926,7005,1913,8740,2839,0.19851258581235698,0.3261711870376893,0.5117025525457704,1.6683296001150864e-42,-0.12765860122533235,0.12765860122533235,1.6430756050198299,2.1622305664768407e-41,TRUE,Clade_B
VFG015510(gb|WP_012074248),8063,2792,677,47,8740,2839,0.9225400457665904,0.9834448749559704,0.20049740219249612,2.639203724304973e-39,-0.060904829189380005,0.060904829189380005,1.0660186291845692,3.3823091304779937e-38,TRUE,Clade_B
VFG015531(gb|WP_012074248),8063,2792,677,47,8740,2839,0.9225400457665904,0.9834448749559704,0.20049740219249612,2.639203724304973e-39,-0.060904829189380005,0.060904829189380005,1.0660186291845692,3.3823091304779937e-38,TRUE,Clade_B
VFG015509(gb|NP_252901),8065,2792,675,47,8740,2839,0.9227688787185355,0.9834448749559704,0.20114129734177152,4.0049445891326366e-39,-0.060675996237434915,0.060675996237434915,1.065754272425937,4.993121134494711e-38,TRUE,Clade_B
VFG015511(gb|WP_011666542),8065,2792,675,47,8740,2839,0.9227688787185355,0.9834448749559704,0.20114129734177152,4.0049445891326366e-39,-0.060675996237434915,0.060675996237434915,1.065754272425937,4.993121134494711e-38,TRUE,Clade_B
VFG015530(gb|NP_250592),8065,2792,675,47,8740,2839,0.9227688787185355,0.9834448749559704,0.20114129734177152,4.0049445891326366e-39,-0.060675996237434915,0.060675996237434915,1.065754272425937,4.993121134494711e-38,TRUE,Clade_B
VFG015532(gb|WP_011666699),8065,2792,675,47,8740,2839,0.9227688787185355,0.9834448749559704,0.20114129734177152,4.0049445891326366e-39,-0.060675996237434915,0.060675996237434915,1.065754272425937,4.993121134494711e-38,TRUE,Clade_B
VFG020024(gb|WP_003093621),8065,2792,675,47,8740,2839,0.9227688787185355,0.9834448749559704,0.20114129734177152,4.0049445891326366e-39,-0.060675996237434915,0.060675996237434915,1.065754272425937,4.993121134494711e-38,TRUE,Clade_B
VFG022919(gb|YP_001701702),1003,606,7737,2233,8740,2839,0.11475972540045766,0.21345544205706235,0.47771799590682806,6.131370252806943e-37,-0.09869571665660469,0.09869571665660469,1.8600205020725076,7.402822821020594e-36,TRUE,Clade_B
VFG027157(gb|WP_005092754),1003,606,7737,2233,8740,2839,0.11475972540045766,0.21345544205706235,0.47771799590682806,6.131370252806943e-37,-0.09869571665660469,0.09869571665660469,1.8600205020725076,7.402822821020594e-36,TRUE,Clade_B
VFG015904(gb|WP_164920479),3186,1417,5554,1422,8740,2839,0.3645308924485126,0.49911940824233886,0.575676779214169,1.2873219267699575e-36,-0.13458851579382625,0.13458851579382625,1.369210178291915,1.538081510422022e-35,TRUE,Clade_B
VFG016039(gb|WP_012075665),3291,1451,5449,1388,8740,2839,0.3765446224256293,0.5110954561465305,0.5777531731724891,2.7680661127235385e-36,-0.1345508337209012,0.1345508337209012,1.3573303818659,3.2483626526287705e-35,TRUE,Clade_B
VFG016017(gb|WP_003148547),3289,1450,5451,1389,8740,2839,0.3763157894736842,0.510743219443466,0.5780043399901039,2.775410112969656e-36,-0.1344274299697818,0.1344274299697818,1.357219743975644,3.2483626526287705e-35,TRUE,Clade_B
VFG014079(gb|WP_012074003),144,183,8596,2656,8740,2839,0.016475972540045767,0.06445931666079606,0.24319724835270187,6.554227433717654e-35,-0.047983344120750296,0.047983344120750296,3.9123224139955384,7.632181590329085e-34,TRUE,Clade_B
VFG015104(gb|WP_011666708),7656,2690,1084,149,8740,2839,0.8759725400457666,0.9475167312433955,0.39123344238086055,2.2001647311414447e-30,-0.07154419119762889,0.07154419119762889,1.0816740113724237,2.5235889466192372e-29,TRUE,Clade_B
VFG031348(gb|NP_217787),130,150,8610,2689,8740,2839,0.014874141876430207,0.0528355054596689,0.2707187066355167,6.46531007965908e-26,-0.03796136358323869,0.03796136358323869,3.5521716747500474,6.772338503533301e-25,TRUE,Clade_B
VFG031371(gb|WP_015288494),130,150,8610,2689,8740,2839,0.014874141876430207,0.0528355054596689,0.2707187066355167,6.46531007965908e-26,-0.03796136358323869,0.03796136358323869,3.5521716747500474,6.772338503533301e-25,TRUE,Clade_B
VFG031372(gb|WP_015303793),130,150,8610,2689,8740,2839,0.014874141876430207,0.0528355054596689,0.2707187066355167,6.46531007965908e-26,-0.03796136358323869,0.03796136358323869,3.5521716747500474,6.772338503533301e-25,TRUE,Clade_B
VFG031387(gb|WP_015695583),130,150,8610,2689,8740,2839,0.014874141876430207,0.0528355054596689,0.2707187066355167,6.46531007965908e-26,-0.03796136358323869,0.03796136358323869,3.5521716747500474,6.772338503533301e-25,TRUE,Clade_B
VFG051546(gb|WP_003140086.1),8296,2807,444,32,8740,2839,0.94919908466819225,0.9887284255019373,0.21301766404761668,3.952556496246439e-25,-0.03952934083374504,0.03952934083374504,1.0416449420066214,4.1214384556315146e-24,TRUE,Clade_B
VFG051500(gb|WP_011536257.1),1956,897,6784,1942,8740,2839,0.22379862700228834,0.31595632264882,0.6242721864838792,2.364535191868391e-22,-0.09215769564653167,0.09215769564653167,1.4117884764574062,2.3895346828837402e-21,TRUE,Clade_B
VFG014147(gb|WP_003138484),8477,2830,263,9,8740,2839,0.9699084668192219,0.9968298696724198,0.1025143835960883,3.3287801922303894e-22,-0.026921402853197884,0.026921402853197884,1.0277566427907219,3.3492200706037338e-21,TRUE,Clade_B
VFG019790(gb|WP_003122257),8485,2830,255,9,8740,2839,0.9708237986270023,0.9968298696724198,0.10583020836211077,2.9990855632809676e-21,-0.026006071045417523,0.026006071045417523,1.0267876324027048,2.991261861811539e-20,TRUE,Clade_B
VFG014117(gb|NP_251831),8478,2829,262,10,8740,2839,0.9700228832951945,0.9964776329693554,0.11439316058155666,3.2171381532777996e-21,-0.02645474967416095,0.02645474967416095,1.0272722944270072,3.1948549452897285e-20,TRUE,Clade_B
VFG042699(gb|NP_252771),8592,2839,148,0,8740,2839,0.9830663615560641,1,0,1.0685821532303835e-18,-0.016933638443935917,0.016933638443935917,1.0172253258845438,1.0520718710345492e-17,TRUE,Clade_B
VFG015827(gb|WP_012315395),23,57,8717,2782,8740,2839,0.002631578947368421,0.020077492074674182,0.1287985942159915,1.3952384972464005e-18,-0.01744591312730576,0.01744591312730576,7.6294469883761895,1.3678107319159158e-17,TRUE,Clade_B
VFG042701(gb|NP_252773),8580,2838,160,1,8740,2839,0.9816933638443935,0.9996477632969355,0.018879382985509608,1.4306180006102455e-18,-0.017954399452541958,0.017954399452541958,1.018289213428347,1.396526678042512e-17,TRUE,Clade_B
VFG001238(gb|NP_249771),8597,2839,143,0,8740,2839,0.9836384439359268,1,0,4.540661120676678e-18,-0.01636155606407319,0.01636155606407319,1.0166337094335234,4.3582747325658155e-17,TRUE,Clade_B
VFG014189(gb|WP_003086405),8597,2839,143,0,8740,2839,0.9836384439359268,1,0,4.540661120676678e-18,-0.01636155606407319,0.01636155606407319,1.0166337094335234,4.3582747325658155e-17,TRUE,Clade_B
VFG019797(gb|WP_003082154),8597,2839,143,0,8740,2839,0.9836384439359268,1,0,4.540661120676678e-18,-0.01636155606407319,0.01636155606407319,1.0166337094335234,4.3582747325658155e-17,TRUE,Clade_B
VFG042698(gb|NP_252770),8614,2839,126,0,8740,2839,0.98558352402746,1,0,5.432184219357863e-16,-0.014416475972540033,0.014416475972540033,1.0146273508242396,5.107143688199564e-15,TRUE,Clade_B
VFG042706(gb|NP_249685),8487,2823,253,16,8740,2839,0.9710526315789474,0.9943642127509686,0.1901397472020524,5.845035465360693e-16,-0.023311581172021256,0.023311581172021256,1.024006506356011,5.472861778586706e-15,TRUE,Clade_B
VFG029698(gb|WP_014382789),2051,882,6689,1957,8740,2839,0.23466819221967963,0.3106727721028531,0.6803625028633812,1.6988700902750593e-15,-0.07600457988317347,0.07600457988317347,1.3238810473812463,1.57145483350443e-14,TRUE,Clade_B
VFG000113,1280,600,7460,2239,8740,2839,0.14645308924485126,0.2113420218386756,0.640312661663284,1.7422950268573584e-15,-0.06488893259382433,0.06488893259382433,1.4430697428672068,1.605150518719189e-14,TRUE,Clade_B
VFG043810(gb|NP_253231),8586,2836,154,3,8740,2839,0.9823798627002288,0.9989432898908066,0.058983624343472665,2.2809231148972984e-15,-0.016563427190577795,0.016563427190577795,1.016860511722065,2.092975050229761e-14,TRUE,Clade_B
VFG016076(gb|WP_003156700),6475,2303,2265,536,8740,2839,0.7408466819221968,0.8112011271574499,0.6653608818762069,1.0637329406613022e-14,-0.07035444523525303,0.07035444523525303,1.094964919128357,9.607099865657587e-14,TRUE,Clade_B
VFG016041(gb|NP_251092),5974,2154,2766,685,8740,2839,0.6835240274599542,0.7587178584008454,0.6868662547707552,1.2806906058654102e-14,-0.07519383094089116,0.07519383094089116,1.1100090529667541,1.1521193136687258e-13,TRUE,Clade_B
VFG014920(gb|WP_003150208),6271,2238,2469,601,8740,2839,0.7175057208237986,0.7883057414582599,0.682094075823779,5.3266561586364644e-14,-0.07080002063446134,0.07080002063446134,1.0986752001826172,4.773183292153144e-13,TRUE,Clade_B
VFG009374(gb|WP_010908479),0,19,8740,2820,8740,2839,0,0.006692497358224727,0,2.402115717442071e-12,-0.006692497358224727,0.006692497358224727,Inf,2.127588206877263e-11,TRUE,Clade_B
VFG044081(gb|NP_250946),8353,2787,387,52,8740,2839,0.955720823798627,0.9816836914406482,0.40276539457104993,1.6486943972505272e-11,-0.02596286764202116,0.02596286764202116,1.0271657444261062,1.4112331892883244e-10,TRUE,Clade_B
VFG051837(gb|WP_003083691.1),8182,2746,558,93,8740,2839,0.9361556064073226,0.9672419866150053,0.4966263728673477,5.4793509186148107e-11,-0.031086380207682618,0.031086380207682618,1.0332064242257573,4.6042604422353026e-10,TRUE,Clade_B
VFG015438(gb|WP_003111627),8612,2834,128,5,8740,2839,0.9853546910755149,0.9982388164846777,0.11871475302609699,8.9509485980238e-11,-0.012884125409162839,0.012884125409162839,1.0130756219317327,7.386142476211006e-10,TRUE,Clade_B
VFG015551(gb|NP_248741),8652,2838,88,1,8740,2839,0.9899313501144165,0.9996477632969355,0.03464728956957472,5.134702662142149e-10,-0.009716413182519035,0.009716413182519035,1.0098152393914952,4.0899333010257254e-9,TRUE,Clade_B
VFG015552(gb|WP_003111526),8652,2838,88,1,8740,2839,0.9899313501144165,0.9996477632969355,0.03464728956957472,5.134702662142149e-10,-0.009716413182519035,0.009716413182519035,1.0098152393914952,4.0899333010257254e-9,TRUE,Clade_B
VFG020038(gb|WP_012613433),8652,2838,88,1,8740,2839,0.9899313501144165,0.9996477632969355,0.03464728956957472,5.134702662142149e-10,-0.009716413182519035,0.009716413182519035,1.0098152393914952,4.0899333010257254e-9,TRUE,Clade_B
VFG016036(gb|WP_010954974),16,29,8724,2810,8740,2839,0.0018306636155606408,0.010214864388869321,0.17774304563609217,1.5868459728197667e-8,-0.00838420077330868,0.00838420077330868,5.579869672419866,1.1818911239118652e-7,TRUE,Clade_B
VFG015094(gb|WP_003087668),8674,2839,66,0,8740,2839,0.9924485125858123,1,0,1.7680234527797742e-8,-0.007551487414187652,0.007551487414187652,1.0076089462762279,1.308337355057033e-7,TRUE,Clade_B
VFG000211(gb|NP_250407),8682,2839,58,0,8740,2839,0.9933638443935927,1,0,1.0916438361928527e-7,-0.00663615560640729,0.00663615560640729,1.0066804883667357,7.014652549653793e-7,TRUE,Clade_B
VFG015146(gb|WP_003140040),8682,2839,58,0,8740,2839,0.9933638443935927,1,0,1.0916438361928527e-7,-0.00663615560640729,0.00663615560640729,1.0066804883667357,7.014652549653793e-7,TRUE,Clade_B
VFG019968(gb|WP_012614295),8682,2839,58,0,8740,2839,0.9933638443935927,1,0,1.0916438361928527e-7,-0.00663615560640729,0.00663615560640729,1.0066804883667357,7.014652549653793e-7,TRUE,Clade_B
VFG000212(gb|NP_250408),8683,2839,57,0,8740,2839,0.9934782608695653,1,0,1.7864083600445352e-7,-0.006521739130434745,0.006521739130434745,1.0065645514223194,1.0755960047092292e-6,TRUE,Clade_B
VFG015148(gb|WP_003132859),8683,2839,57,0,8740,2839,0.9934782608695653,1,0,1.7864083600445352e-7,-0.006521739130434745,0.006521739130434745,1.0065645514223194,1.0755960047092292e-6,TRUE,Clade_B
VFG019969(gb|WP_012614294),8683,2839,57,0,8740,2839,0.9934782608695653,1,0,1.7864083600445352e-7,-0.006521739130434745,0.006521739130434745,1.0065645514223194,1.0755960047092292e-6,TRUE,Clade_B
VFG041012(gb|NP_250202),8650,2835,90,4,8740,2839,0.9897025171624714,0.9985910531877422,0.13561857443993933,1.9388503615548035e-7,-0.008888536025270843,0.008888536025270843,1.0089810179029903,1.1582611274496664e-6,TRUE,Clade_B
VFG051491(gb|WP_011666716.1),8650,2835,90,4,8740,2839,0.9897025171624714,0.9985910531877422,0.13561857443993933,1.9388503615548035e-7,-0.008888536025270843,0.008888536025270843,1.0089810179029903,1.1582611274496664e-6,TRUE,Clade_B
VFG051489(gb|WP_003083217.1),8649,2835,91,4,8740,2839,0.9895881006864988,0.9985910531877422,0.13411280603801687,2.074331760772399e-7,-0.009002952501243389,0.009002952501243389,1.0090976765939261,1.2201325792850985e-6,TRUE,Clade_B
VFG051652(gb|WP_012075685.1),8569,2820,171,19,8740,2839,0.9804347826086957,0.9933075026417753,0.3376347014978907,5.717856058902396e-7,-0.012872720033079599,0.012872720033079599,1.0131296035814115,2.8452845551240993e-6,TRUE,Clade_B
VFG029696(gb|WP_014942395),2296,883,6444,1956,8740,2839,0.26270022883295197,0.3110250088059176,0.7893117914881366,6.900122411443791e-7,-0.04832477997296564,0.04832477997296564,1.183954084043432,3.3394263316143577e-6,TRUE,Clade_B
VFG029699(gb|WP_014385156),2296,883,6444,1956,8740,2839,0.26270022883295197,0.3110250088059176,0.7893117914881366,6.900122411443791e-7,-0.04832477997296564,0.04832477997296564,1.183954084043432,3.3394263316143577e-6,TRUE,Clade_B
VFG029700(gb|WP_014380392),2296,883,6444,1956,8740,2839,0.26270022883295197,0.3110250088059176,0.7893117914881366,6.900122411443791e-7,-0.04832477997296564,0.04832477997296564,1.183954084043432,3.3394263316143577e-6,TRUE,Clade_B
VFG015048(gb|WP_003119559),10,20,8730,2819,8740,2839,0.0011441647597254005,0.007044734061289186,0.1614862363171316,1.2636777982590447e-6,-0.005900569301563786,0.005900569301563786,6.157097569566749,5.774655117940735e-6,TRUE,Clade_B
VFG051487(gb|NP_248953.1),8651,2834,89,5,8740,2839,0.9898169336384439,0.9982388164846777,0.17150659063949894,1.4268929109607155e-6,-0.008421882846233797,0.008421882846233797,1.0085085257283648,6.36827303063012e-6,TRUE,Clade_B
VFG051593(gb|WP_012613476.1),8651,2834,89,5,8740,2839,0.9898169336384439,0.9982388164846777,0.17150659063949894,1.4268929109607155e-6,-0.008421882846233797,0.008421882846233797,1.0085085257283648,6.36827303063012e-6,TRUE,Clade_B
VFG051596(gb|WP_003137141.1),8651,2834,89,5,8740,2839,0.9898169336384439,0.9982388164846777,0.17150659063949894,1.4268929109607155e-6,-0.008421882846233797,0.008421882846233797,1.0085085257283648,6.36827303063012e-6,TRUE,Clade_B
VFG044091(gb|NP_252096),8682,2838,58,1,8740,2839,0.9933638443935927,0.9996477632969355,0.0527503978232728,2.0918232716499087e-6,-0.006283918903342789,0.006283918903342789,1.0063258985504742,9.0200048593325e-6,TRUE,Clade_B
VFG030408(gb|WP_015355418),0,9,8740,2830,8740,2839,0,0.0031701303275801338,0,3.1716630891228027e-6,-0.0031701303275801338,0.0031701303275801338,Inf,1.3228718411723109e-5,TRUE,Clade_B
VFG000203(gb|NP_250399),8695,2839,45,0,8740,2839,0.9948512585812357,1,0,5.003172774994941e-6,-0.005148741418764313,0.005148741418764313,1.0051753881541117,2.056859918609031e-5,TRUE,Clade_B
VFG015130(gb|WP_003087710),8695,2839,45,0,8740,2839,0.9948512585812357,1,0,5.003172774994941e-6,-0.005148741418764313,0.005148741418764313,1.0051753881541117,2.056859918609031e-5,TRUE,Clade_B
VFG019961(gb|WP_004342870),8695,2839,45,0,8740,2839,0.9948512585812357,1,0,5.003172774994941e-6,-0.005148741418764313,0.005148741418764313,1.0051753881541117,2.056859918609031e-5,TRUE,Clade_B
VFG015973(gb|NP_251082),3051,1124,5689,1715,8740,2839,0.34908466819221967,0.39591405424445225,0.8183090149264464,7.5293409436943375e-6,-0.04682938605223258,0.04682938605223258,1.1341490770555598,3.0143644196919393e-5,TRUE,Clade_B
VFG015975(gb|WP_003139293),3051,1124,5689,1715,8740,2839,0.34908466819221967,0.39591405424445225,0.8183090149264464,7.5293409436943375e-6,-0.04682938605223258,0.04682938605223258,1.1341490770555598,3.0143644196919393e-5,TRUE,Clade_B
VFG044090(gb|NP_252095),8687,2838,53,1,8740,2839,0.9939359267734553,0.9996477632969355,0.0577600416379289,8.301733945414427e-6,-0.005711836523480174,0.005711836523480174,1.005746684841167,3.3178009879408875e-5,TRUE,Clade_B
VFG014240(gb|WP_003082169),8631,2829,109,10,8740,2839,0.9875286041189931,0.9964776329693554,0.27991138908550584,8.35614250102857e-6,-0.008949028850362306,0.008949028850362306,1.0090620452035879,3.333737547366876e-5,TRUE,Clade_B
VFG000198(gb|NP_250394),8696,2839,44,0,8740,2839,0.9949656750572082,1,0,8.672821596139983e-6,-0.005034324942791768,0.005034324942791768,1.0050597976080957,3.412599098035184e-5,TRUE,Clade_B
VFG015120(gb|WP_003087696),8696,2839,44,0,8740,2839,0.9949656750572082,1,0,8.672821596139983e-6,-0.005034324942791768,0.005034324942791768,1.0050597976080957,3.412599098035184e-5,TRUE,Clade_B
VFG019957(gb|WP_003087696),8696,2839,44,0,8740,2839,0.9949656750572082,1,0,8.672821596139983e-6,-0.005034324942791768,0.005034324942791768,1.0050597976080957,3.412599098035184e-5,TRUE,Clade_B
VFG016032(gb|WP_011666646),2948,1088,5792,1751,8740,2839,0.33729977116704807,0.38323353293413176,0.8191621073140467,8.858057857429236e-6,-0.04593376176708369,0.04593376176708369,1.1361808269485452,3.4795179323531964e-5,TRUE,Clade_B
VFG000161(gb|NP_251089),2949,1088,5791,1751,8740,2839,0.3374141876430206,0.38323353293413176,0.8195813678447402,9.813130791712376e-6,-0.045819345291111147,0.045819345291111147,1.1357955503032593,3.8352496282109444e-5,TRUE,Clade_B
VFG013733(gb|WP_003854229),0,8,8740,2831,8740,2839,0,0.0028178936245156746,0,1.2963374639434812e-5,-0.0028178936245156746,0.0028178936245156746,Inf,4.972906592452083e-5,TRUE,Clade_B
VFG000163(gb|NP_251088),2945,1085,5795,1754,8740,2839,0.33695652173913043,0.38217682282493837,0.8215709855990909,1.3294850970525633e-5,-0.045220301085807935,0.045220301085807935,1.1342021838675591,5.078722184579306e-5,TRUE,Clade_B
VFG016095(gb|WP_003139291),2945,1085,5795,1754,8740,2839,0.33695652173913043,0.38217682282493837,0.8215709855990909,1.3294850970525633e-5,-0.045220301085807935,0.045220301085807935,1.1342021838675591,5.078722184579306e-5,TRUE,Clade_B
VFG000160(gb|NP_251087),2946,1085,5794,1754,8740,2839,0.337070938215103,0.38217682282493837,0.8219916903338086,1.3327771382374639e-5,-0.04510588460983539,0.04510588460983539,1.133817186520693,5.078722184579306e-5,TRUE,Clade_B
VFG016022(gb|WP_003103601),2946,1085,5794,1754,8740,2839,0.337070938215103,0.38217682282493837,0.8219916903338086,1.3327771382374639e-5,-0.04510588460983539,0.04510588460983539,1.133817186520693,5.078722184579306e-5,TRUE,Clade_B
VFG000192(gb|NP_250388),8698,2839,42,0,8740,2839,0.9951945080091533,1,0,1.3411005969448273e-5,-0.0048054919908466776,0.0048054919908466776,1.0048286962520119,5.085098792382535e-5,TRUE,Clade_B
VFG015108(gb|WP_003100796),8698,2839,42,0,8740,2839,0.9951945080091533,1,0,1.3411005969448273e-5,-0.0048054919908466776,0.0048054919908466776,1.0048286962520119,5.085098792382535e-5,TRUE,Clade_B
VFG019951(gb|WP_012614296),8698,2839,42,0,8740,2839,0.9951945080091533,1,0,1.3411005969448273e-5,-0.0048054919908466776,0.0048054919908466776,1.0048286962520119,5.085098792382535e-5,TRUE,Clade_B
VFG016038(gb|NP_251090),2964,1087,5776,1752,8740,2839,0.3391304347826087,0.38288129623106726,0.8271193155872366,2.510739702299428e-5,-0.04375086144845858,0.04375086144845858,1.1290089504249419,9.21541900331982e-5,TRUE,Clade_B
VFG016040(gb|WP_078463717),2964,1087,5776,1752,8740,2839,0.3391304347826087,0.38288129623106726,0.8271193155872366,2.510739702299428e-5,-0.04375086144845858,0.04375086144845858,1.1290089504249419,9.21541900331982e-5,TRUE,Clade_B
VFG000148(gb|NP_248734),8692,2838,48,1,8740,2839,0.994508009153318,0.9996477632969355,0.06381334808607295,3.284795790096813e-5,-0.005139754143617448,0.005139754143617448,1.005168137507503,1.1847989846669953e-4,TRUE,Clade_B
VFG015168(gb|WP_003136948),8692,2838,48,1,8740,2839,0.994508009153318,0.9996477632969355,0.06381334808607295,3.284795790096813e-5,-0.005139754143617448,0.005139754143617448,1.005168137507503,1.1847989846669953e-4,TRUE,Clade_B
VFG019979(gb|WP_012613430),8692,2838,48,1,8740,2839,0.994508009153318,0.9996477632969355,0.06381334808607295,3.284795790096813e-5,-0.005139754143617448,0.005139754143617448,1.005168137507503,1.1847989846669953e-4,TRUE,Clade_B
VFG014832(gb|WP_012074764),8661,2833,79,6,8740,2839,0.9909610983981694,0.9978865797816132,0.23220520309537723,3.9478204249698064e-5,-0.006925481383443843,0.006925481383443843,1.0069886511131854,1.4106386378318905e-4,TRUE,Clade_B
VFG015547(gb|WP_003093617),8604,2822,136,17,8740,2839,0.9844393592677345,0.9940119760479041,0.38111618674803915,3.993455802167099e-5,-0.00957261678016963,0.00957261678016963,1.009723927319698,1.4247259113796775e-4,TRUE,Clade_B
VFG014075(gb|WP_004365048),8687,2837,53,2,8740,2839,0.9939359267734553,0.9992955265938711,0.11555943912205971,5.345311543103705e-5,-0.0053595998204157835,0.0053595998204157835,1.0053922991171214,1.8749456697064067e-4,TRUE,Clade_B
VFG051488(gb|NP_253776.1),8703,2839,37,0,8740,2839,0.995766590389016,1,0,5.6801885076933185e-5,-0.004233409610983951,0.004233409610983951,1.0042514075606113,1.983310873158063e-4,TRUE,Clade_B
VFG044093(gb|NP_252098),8689,2837,51,2,8740,2839,0.9941647597254004,0.9992955265938711,0.12011870229655833,8.218432609888475e-5,-0.005130766868470693,0.005130766868470693,1.0051608818541182,2.760334466630185e-4,TRUE,Clade_B
VFG014423(gb|WP_003082212),8705,2839,35,0,8740,2839,0.9959954233409611,1,0,8.904789583921913e-5,-0.004004576659038861,0.004004576659038861,1.0040206777713958,2.9648167351983845e-4,TRUE,Clade_B
VFG049248(gb|WP_123809090),3,10,8737,2829,8740,2839,3.4324942791762013e-4,0.003522367030644593,0.09717028883829543,1.0457012204715482e-4,-0.003179117602726973,0.003179117602726973,10.261829282611249,3.471546454069076e-4,TRUE,Clade_B
VFG048839(gb|WP_041937831),2,9,8738,2830,8740,2839,2.288329519450801e-4,0.0031701303275801338,0.07199214526364417,1.0617567157647108e-4,-0.0029412973756350537,0.0029412973756350537,13.853469531525183,3.514675188981597e-4,TRUE,Clade_B
VFG015372(gb|WP_011979123),8697,2838,43,1,8740,2839,0.9950800915331808,0.9996477632969355,0.07127437958378512,1.2946875452019582e-4,-0.0045676717637547215,0.0045676717637547215,1.004590255400163,4.2428760409904176e-4,TRUE,Clade_B
VFG019833(gb|WP_003082212),8697,2838,43,1,8740,2839,0.9950800915331808,0.9996477632969355,0.07127437958378512,1.2946875452019582e-4,-0.0045676717637547215,0.0045676717637547215,1.004590255400163,4.2428760409904176e-4,TRUE,Clade_B
VFG051497(gb|WP_012074519.1),7300,2454,1440,385,8740,2839,0.8352402745995423,0.8643888693201832,0.7953720095590736,1.8664837544901262e-4,-0.029148594720640908,0.029148594720640908,1.0348984545011508,6.056172182178712e-4,TRUE,Clade_B
VFG038432(gb|WP_016352168),0,6,8740,2833,8740,2839,0,0.0021134202183867557,0,2.1638772791485072e-4,-0.0021134202183867557,0.0021134202183867557,Inf,6.99145701178405e-4,TRUE,Clade_B
VFG038433(gb|WP_005314160),0,6,8740,2833,8740,2839,0,0.0021134202183867557,0,2.1638772791485072e-4,-0.0021134202183867557,0.0021134202183867557,Inf,6.99145701178405e-4,TRUE,Clade_B
VFG042705(gb|NP_249684),7727,2578,1013,261,8740,2839,0.8840961098398169,0.9080662205001762,0.7722913992355979,3.292117794867407e-4,-0.023970110660359256,0.023970110660359256,1.0271125620773314,0.0010562403106889277,TRUE,Clade_B
VFG044089(gb|NP_252094),8689,2836,51,3,8740,2839,0.9941647597254004,0.9989432898908066,0.180238746710486,3.88437789039235e-4,-0.004778530165406192,0.004778530165406192,1.0048065777011912,0.0012427842232301325,TRUE,Clade_B
VFG001230(gb|NP_251805),8684,2835,56,4,8740,2839,0.9935926773455378,0.9985910531877422,0.21881001103938996,4.61760016046517e-4,-0.004998375842204417,0.004998375842204417,1.0050306085744896,0.0014712187177926526,TRUE,Clade_B
VFG013973(gb|WP_003138501),8684,2835,56,4,8740,2839,0.9935926773455378,0.9985910531877422,0.21881001103938996,4.61760016046517e-4,-0.004998375842204417,0.004998375842204417,1.0050306085744896,0.0014712187177926526,TRUE,Clade_B
VFG019758(gb|WP_012613878),8684,2835,56,4,8740,2839,0.9935926773455378,0.9985910531877422,0.21881001103938996,4.61760016046517e-4,-0.004998375842204417,0.004998375842204417,1.0050306085744896,0.0014712187177926526,TRUE,Clade_B
VFG002058(gb|NP_248762),8703,2838,37,1,8740,2839,0.995766590389016,0.9996477632969355,0.08288934290490224,4.740338650558424e-4,-0.00388117290791945,0.00388117290791945,1.0038976733557643,0.0015040576575907365,TRUE,Clade_B
VFG015373(gb|WP_003136958),8703,2838,37,1,8740,2839,0.995766590389016,0.9996477632969355,0.08288934290490224,4.740338650558424e-4,-0.00388117290791945,0.00388117290791945,1.0038976733557643,0.0015040576575907365,TRUE,Clade_B
VFG019983(gb|WP_003083634),8703,2838,37,1,8740,2839,0.995766590389016,0.9996477632969355,0.08288934290490224,4.740338650558424e-4,-0.00388117290791945,0.00388117290791945,1.0038976733557643,0.0015040576575907365,TRUE,Clade_B
VFG016016(gb|NP_251086),2760,997,5980,1842,8740,2839,0.3157894736842105,0.3511799929552659,0.8527322418299853,4.942567630505816e-4,-0.03539051927105541,0.03539051927105541,1.1120699776916754,0.0015638965716386678,TRUE,Clade_B
VFG016018(gb|WP_003114501),2760,997,5980,1842,8740,2839,0.3157894736842105,0.3511799929552659,0.8527322418299853,4.942567630505816e-4,-0.03539051927105541,0.03539051927105541,1.1120699776916754,0.0015638965716386678,TRUE,Clade_B
VFG001252(gb|NP_249793),8712,2839,28,0,8740,2839,0.9967963386727688,1,0,5.994784750548583e-4,-0.0032036613272311554,0.0032036613272311554,1.0032139577594124,0.0018710253357494488,TRUE,Clade_B
VFG002057(gb|NP_248761),8705,2838,35,1,8740,2839,0.9959954233409611,0.9996477632969355,0.08764592924911488,7.421908512416037e-4,-0.0036523399559743597,0.0036523399559743597,1.0036670248380488,0.0022976866568802145,TRUE,Clade_B
VFG015365(gb|WP_011979122),8705,2838,35,1,8740,2839,0.9959954233409611,0.9996477632969355,0.08764592924911488,7.421908512416037e-4,-0.0036523399559743597,0.0036523399559743597,1.0036670248380488,0.0022976866568802145,TRUE,Clade_B
VFG015366(gb|WP_003083632),8705,2838,35,1,8740,2839,0.9959954233409611,0.9996477632969355,0.08764592924911488,7.421908512416037e-4,-0.0036523399559743597,0.0036523399559743597,1.0036670248380488,0.0022976866568802145,TRUE,Clade_B
VFG015412(gb|WP_011979128),8705,2838,35,1,8740,2839,0.9959954233409611,0.9996477632969355,0.08764592924911488,7.421908512416037e-4,-0.0036523399559743597,0.0036523399559743597,1.0036670248380488,0.0022976866568802145,TRUE,Clade_B
VFG019981(gb|WP_003106615),8705,2838,35,1,8740,2839,0.9959954233409611,0.9996477632969355,0.08764592924911488,7.421908512416037e-4,-0.0036523399559743597,0.0036523399559743597,1.0036670248380488,0.0022976866568802145,TRUE,Clade_B
VFG042740(gb|NP_252983),8705,2838,35,1,8740,2839,0.9959954233409611,0.9996477632969355,0.08764592924911488,7.421908512416037e-4,-0.0036523399559743597,0.0036523399559743597,1.0036670248380488,0.0022976866568802145,TRUE,Clade_B
VFG019945(gb|WP_003103203),8704,2838,36,1,8740,2839,0.9958810068649886,0.9996477632969355,0.08520157369750746,7.701365313855286e-4,-0.003766756431946905,0.003766756431946905,1.0037823358473363,0.0023745876384387134,TRUE,Clade_B
VFG029750(gb|WP_011857547),0,5,8740,2834,8740,2839,0,0.0017611835153222965,0,8.837232049705316e-4,-0.0017611835153222965,0.0017611835153222965,Inf,0.0027066235409911876,TRUE,Clade_B
VFG029751(gb|WP_011562667),0,5,8740,2834,8740,2839,0,0.0017611835153222965,0,8.837232049705316e-4,-0.0017611835153222965,0.0017611835153222965,Inf,0.0027066235409911876,TRUE,Clade_B
VFG036265,0,5,8740,2834,8740,2839,0,0.0017611835153222965,0,8.837232049705316e-4,-0.0017611835153222965,0.0017611835153222965,Inf,0.0027066235409911876,TRUE,Clade_B
VFG015040(gb|WP_012074800),2,7,8738,2832,8740,2839,2.288329519450801e-4,0.0024656569214512153,0.09262928688667309,0.0011790483454933273,-0.0022368239695061353,0.0022368239695061353,10.774920746741811,0.0035682544915061915,TRUE,Clade_B
VFG015560(gb|WP_012076619),1,6,8739,2833,8740,2839,1.1441647597254005e-4,0.0021134202183867557,0.054025024877558094,0.0011968916985235756,-0.0019990037424142157,0.0019990037424142157,18.471292708700243,0.0036174829465258004,TRUE,Clade_B
VFG002065(gb|NP_248769),8708,2838,32,1,8740,2839,0.9963386727688787,0.9996477632969355,0.09589560810884545,0.0018146204231884802,-0.003309090528056835,0.003309090528056835,1.0033212507137363,0.00544861158480939,TRUE,Clade_B
VFG015417(gb|WP_011979129),8708,2838,32,1,8740,2839,0.9963386727688787,0.9996477632969355,0.09589560810884545,0.0018146204231884802,-0.003309090528056835,0.003309090528056835,1.0033212507137363,0.00544861158480939,TRUE,Clade_B
VFG015418(gb|WP_003115052),8708,2838,32,1,8740,2839,0.9963386727688787,0.9996477632969355,0.09589560810884545,0.0018146204231884802,-0.003309090528056835,0.003309090528056835,1.0033212507137363,0.00544861158480939,TRUE,Clade_B
VFG019997(gb|WP_003115052),8708,2838,32,1,8740,2839,0.9963386727688787,0.9996477632969355,0.09589560810884545,0.0018146204231884802,-0.003309090528056835,0.003309090528056835,1.0033212507137363,0.00544861158480939,TRUE,Clade_B
VFG016106(gb|WP_012074240),108,59,8632,2780,8740,2839,0.012356979405034324,0.020781965480803098,0.5895597696033856,0.0019409770294627135,-0.008424986075768774,0.008424986075768774,1.6817997990946212,0.005790118732883569,TRUE,Clade_B
VFG002060(gb|NP_248764),8710,2838,30,1,8740,2839,0.9965675057208238,0.9996477632969355,0.1023120017288089,0.0028136802859346955,-0.0030802575761117446,0.0030802575761117446,1.003090866959267,0.008285728595550951,TRUE,Clade_B
VFG015386(gb|WP_011979125),8710,2838,30,1,8740,2839,0.9965675057208238,0.9996477632969355,0.1023120017288089,0.0028136802859346955,-0.0030802575761117446,0.0030802575761117446,1.003090866959267,0.008285728595550951,TRUE,Clade_B
VFG015387(gb|WP_003136961),8710,2838,30,1,8740,2839,0.9965675057208238,0.9996477632969355,0.1023120017288089,0.0028136802859346955,-0.0030802575761117446,0.0030802575761117446,1.003090866959267,0.008285728595550951,TRUE,Clade_B
VFG019987(gb|WP_004351957),8710,2838,30,1,8740,2839,0.9965675057208238,0.9996477632969355,0.1023120017288089,0.0028136802859346955,-0.0030802575761117446,0.0030802575761117446,1.003090866959267,0.008285728595550951,TRUE,Clade_B
VFG051822(gb|WP_012613443.1),3750,1307,4990,1532,8740,2839,0.4290617848970252,0.4603733709052483,0.880885910563824,0.003523456492987534,-0.03131158600822315,0.03131158600822315,1.072976869789832,0.010336073139275452,TRUE,Clade_B
VFG016121(gb|WP_012074236),397,168,8343,2671,8740,2839,0.045423340961098395,0.059175766114829165,0.7565611977109999,0.003623037335807774,-0.01375242515373077,0.01375242515373077,1.3027611985985061,0.010614620240540273,TRUE,Clade_B
VFG002063(gb|NP_248767),8712,2838,28,1,8740,2839,0.9967963386727688,0.9996477632969355,0.1096449970851851,0.0043862497799655314,-0.002851424624166654,0.002851424624166654,1.0028605889824629,0.012640775119649408,TRUE,Clade_B
VFG002064(gb|NP_248768),8712,2838,28,1,8740,2839,0.9967963386727688,0.9996477632969355,0.1096449970851851,0.0043862497799655314,-0.002851424624166654,0.002851424624166654,1.0028605889824629,0.012640775119649408,TRUE,Clade_B
VFG002070(gb|NP_248774),8712,2838,28,1,8740,2839,0.9967963386727688,0.9996477632969355,0.1096449970851851,0.0043862497799655314,-0.002851424624166654,0.002851424624166654,1.0028605889824629,0.012640775119649408,TRUE,Clade_B
VFG015403(gb|WP_011979127),8712,2838,28,1,8740,2839,0.9967963386727688,0.9996477632969355,0.1096449970851851,0.0043862497799655314,-0.002851424624166654,0.002851424624166654,1.0028605889824629,0.012640775119649408,TRUE,Clade_B
VFG015404(gb|WP_003111851),8712,2838,28,1,8740,2839,0.9967963386727688,0.9996477632969355,0.1096449970851851,0.0043862497799655314,-0.002851424624166654,0.002851424624166654,1.0028605889824629,0.012640775119649408,TRUE,Clade_B
VFG015413(gb|WP_003115051),8712,2838,28,1,8740,2839,0.9967963386727688,0.9996477632969355,0.1096449970851851,0.0043862497799655314,-0.002851424624166654,0.002851424624166654,1.0028605889824629,0.012640775119649408,TRUE,Clade_B
VFG015447(gb|WP_003151425),8712,2838,28,1,8740,2839,0.9967963386727688,0.9996477632969355,0.1096449970851851,0.0043862497799655314,-0.002851424624166654,0.002851424624166654,1.0028605889824629,0.012640775119649408,TRUE,Clade_B
VFG015448(gb|WP_003111626),8712,2838,28,1,8740,2839,0.9967963386727688,0.9996477632969355,0.1096449970851851,0.0043862497799655314,-0.002851424624166654,0.002851424624166654,1.0028605889824629,0.012640775119649408,TRUE,Clade_B
VFG019993(gb|WP_024082388),8712,2838,28,1,8740,2839,0.9967963386727688,0.9996477632969355,0.1096449970851851,0.0043862497799655314,-0.002851424624166654,0.002851424624166654,1.0028605889824629,0.012640775119649408,TRUE,Clade_B
VFG019995(gb|WP_012613437),8712,2838,28,1,8740,2839,0.9967963386727688,0.9996477632969355,0.1096449970851851,0.0043862497799655314,-0.002851424624166654,0.002851424624166654,1.0028605889824629,0.012640775119649408,TRUE,Clade_B
VFG020007(gb|WP_003104973),8712,2838,28,1,8740,2839,0.9967963386727688,0.9996477632969355,0.1096449970851851,0.0043862497799655314,-0.002851424624166654,0.002851424624166654,1.0028605889824629,0.012640775119649408,TRUE,Clade_B
VFG051647(gb|WP_012075686.1),8477,2782,263,57,8740,2839,0.9699084668192219,0.9799225079253259,0.6604391420490877,0.004508152079854462,-0.010014041106103932,0.010014041106103932,1.0103247280013388,0.01297578528379691,TRUE,Clade_B
VFG050297(gb|NP_250644),8694,2835,46,4,8740,2839,0.9947368421052631,0.9985910531877422,0.2666802539692048,0.004563355179741944,-0.0038542110824790754,0.0038542110824790754,1.0038746037337092,0.013118216519208047,TRUE,Clade_B
VFG015054(gb|WP_012076422),22,18,8718,2821,8740,2839,0.002517162471395881,0.0063402606551602675,0.39552823216837146,0.004898909614423398,-0.0038230981837643866,0.0038230981837643866,2.518812642095488,0.014065204825390835,TRUE,Clade_B
VFG041020(gb|NP_250353),8721,2839,19,0,8740,2839,0.9978260869565218,1,0,0.006667735297633261,-0.0021739130434782483,0.0021739130434782483,1.0021786492374727,0.01893042669897364,TRUE,Clade_B
VFG041021(gb|NP_250354),8721,2839,19,0,8740,2839,0.9978260869565218,1,0,0.006667735297633261,-0.0021739130434782483,0.0021739130434782483,1.0021786492374727,0.01893042669897364,TRUE,Clade_B
VFG051551(gb|WP_012614304.1),8721,2839,19,0,8740,2839,0.9978260869565218,1,0,0.006667735297633261,-0.0021739130434782483,0.0021739130434782483,1.0021786492374727,0.01893042669897364,TRUE,Clade_B
VFG051554(gb|WP_003140083.1),8721,2839,19,0,8740,2839,0.9978260869565218,1,0,0.006667735297633261,-0.0021739130434782483,0.0021739130434782483,1.0021786492374727,0.01893042669897364,TRUE,Clade_B
VFG013774(gb|WP_033998207),33,23,8707,2816,8740,2839,0.0037757437070938217,0.008101444170482565,0.46406084935224184,0.007271350403590573,-0.004325700463388743,0.004325700463388743,2.1456552136368976,0.02056779016749294,TRUE,Clade_B
VFG043648(gb|NP_252312),8637,2822,103,17,8740,2839,0.9882151029748284,0.9940119760479041,0.5051413749802429,0.007352178337109845,-0.005796873073075748,0.005796873073075748,1.0058660033181293,0.020770809243017222,TRUE,Clade_B
VFG013897(gb|WP_003084552),8374,2751,366,88,8740,2839,0.9581235697940503,0.9690031701303276,0.7319204616153802,0.008866225175375485,-0.010879600336277218,0.010879600336277218,1.0113551118866806,0.024803805551599223,TRUE,Clade_B
VFG041013(gb|NP_250203),7385,2455,1355,384,8740,2839,0.8449656750572082,0.8647411060232476,0.8525152028252581,0.01017178016105602,-0.019775430966039398,0.019775430966039398,1.023403827575245,0.02828371356298486,TRUE,Clade_B
VFG051663(gb|WP_003141825.1),8722,2839,18,0,8740,2839,0.9979405034324943,1,0,0.010932841419566524,-0.002059496567505703,0.002059496567505703,1.0020637468470535,0.030253242721936798,TRUE,Clade_B
VFG043589(gb|WP_000044536),2,5,8738,2834,8740,2839,2.288329519450801e-4,0.0017611835153222965,0.1297424392620233,0.011779172819562317,-0.0015323505633772164,0.0015323505633772164,7.696371961958436,0.03251675384846685,TRUE,Clade_B
VFG051543(gb|WP_003097804.1),8618,2816,122,23,8740,2839,0.9860411899313501,0.9918985558295175,0.5770051361793321,0.014805669540218586,-0.0058573658981673216,0.0058573658981673216,1.0059402852111838,0.04062704058045626,TRUE,Clade_B
VFG015905(gb|WP_164920559),2670,935,6070,1904,8740,2839,0.30549199084668194,0.32934131736526945,0.8957439742083496,0.017360843275014765,-0.02384932651858751,0.02384932651858751,1.078068581937249,0.0474611039992304,TRUE,Clade_B
VFG041018(gb|NP_250351),8724,2839,16,0,8740,2839,0.9981693363844394,1,0,0.01754447087678613,-0.0018306636155606126,0.0018306636155606126,1.0018340210912424,0.0474611039992304,TRUE,Clade_B
VFG051535(gb|WP_010794013.1),8724,2839,16,0,8740,2839,0.9981693363844394,1,0,0.01754447087678613,-0.0018306636155606126,0.0018306636155606126,1.0018340210912424,0.0474611039992304,TRUE,Clade_B
VFG051538(gb|WP_003087605.1),8724,2839,16,0,8740,2839,0.9981693363844394,1,0,0.01754447087678613,-0.0018306636155606126,0.0018306636155606126,1.0018340210912424,0.0474611039992304,TRUE,Clade_B
