VFG_ID,alignment_path,alignment_found,analysis_success,error_message,n_sequences_total,n_sequences_usable,proportion_sequences_usable,alignment_length_nt,alignment_length_codons,trailing_non_codon_nt,gap_fraction,ambiguous_fraction,bad_character_fraction,usable_codon_count,usable_codon_fraction
VFG000115,/data2/B_Li/vfdb/workflow_clade_translatorX_solved_dup_solved/final_aln/VFG000115.nogap.dedup/VFG000115.nogap.dedup.nt_ali.fasta,True,True,,11355,0,0.0,3045,1015,0,0.37147481741295796,9.254981240586852e-07,0.37147574291108204,639,0.6295566502463055
VFG000120,/data2/B_Li/vfdb/workflow_clade_translatorX_solved_dup_solved/final_aln/VFG000120.nogap.dedup/VFG000120.nogap.dedup.nt_ali.fasta,True,True,,11608,0,0.0,1440,480,0,0.252145251837813,3.589478520560533e-07,0.25214561078566505,359,0.7479166666666667
VFG000122,/data2/B_Li/vfdb/workflow_clade_translatorX_solved_dup_solved/final_aln/VFG000122.nogap.dedup/VFG000122.nogap.dedup.nt_ali.fasta,True,True,,11617,0,0.0,1956,652,0,0.33373042257195534,1.3642653659848685e-06,0.33373178683732135,437,0.6702453987730062
VFG000123,/data2/B_Li/vfdb/workflow_clade_translatorX_solved_dup_solved/final_aln/VFG000123.nogap.dedup/VFG000123.nogap.dedup.nt_ali.fasta,True,True,,11617,0,0.0,1911,637,0,0.22298980179672268,4.954935536964337e-07,0.22299029729027636,495,0.7770800627943485
VFG000124,/data2/B_Li/vfdb/workflow_clade_translatorX_solved_dup_solved/final_aln/VFG000124.nogap.dedup/VFG000124.nogap.dedup.nt_ali.fasta,True,True,,11617,0,0.0,1890,630,0,0.3809799814448175,4.554536705694492e-07,0.38098043689848804,390,0.6190476190476191
VFG000125,/data2/B_Li/vfdb/workflow_clade_translatorX_solved_dup_solved/final_aln/VFG000125.nogap.dedup/VFG000125.nogap.dedup.nt_ali.fasta,True,True,,11617,0,0.0,2112,704,0,0.32396157766439465,5.706109906850202e-07,0.32396214827538533,476,0.6761363636363636
VFG000126,/data2/B_Li/vfdb/workflow_clade_translatorX_solved_dup_solved/final_aln/VFG000126.nogap.dedup/VFG000126.nogap.dedup.nt_ali.fasta,True,True,,11617,11612,0.9995695962813119,1830,610,0,0.19513305119546398,5.644638933614813e-07,0.19513361565935733,491,0.8049180327868852
VFG000127,/data2/B_Li/vfdb/workflow_clade_translatorX_solved_dup_solved/final_aln/VFG000127.nogap.dedup/VFG000127.nogap.dedup.nt_ali.fasta,True,True,,11617,0,0.0,2376,792,0,0.3134560723008687,1.4854000392435445e-06,0.31345755770090794,544,0.6868686868686869
VFG000128,/data2/B_Li/vfdb/workflow_clade_translatorX_solved_dup_solved/final_aln/VFG000128.nogap.dedup/VFG000128.nogap.dedup.nt_ali.fasta,True,True,,11617,0,0.0,2073,691,0,0.3126268242795534,6.643955136526842e-07,0.31262748867506707,475,0.6874095513748191
VFG000129,/data2/B_Li/vfdb/workflow_clade_translatorX_solved_dup_solved/final_aln/VFG000129.nogap.dedup/VFG000129.nogap.dedup.nt_ali.fasta,True,True,,11617,0,0.0,1533,511,0,0.2798607951401271,8.98429158383571e-07,0.27986169356928553,368,0.7201565557729941
VFG000130,/data2/B_Li/vfdb/workflow_clade_translatorX_solved_dup_solved/final_aln/VFG000130.nogap.dedup/VFG000130.nogap.dedup.nt_ali.fasta,True,True,,11617,0,0.0,2022,674,0,0.2274724522462604,6.385811849972248e-07,0.22747309082744538,521,0.7729970326409495
VFG000131,/data2/B_Li/vfdb/workflow_clade_translatorX_solved_dup_solved/final_aln/VFG000131.nogap.dedup/VFG000131.nogap.dedup.nt_ali.fasta,True,True,,11616,0,0.0,1827,609,0,0.3566803276834625,1.0366389676734504e-06,0.35668136432243014,392,0.6436781609195402
VFG000133,/data2/B_Li/vfdb/workflow_clade_translatorX_solved_dup_solved/final_aln/VFG000133.nogap.dedup/VFG000133.nogap.dedup.nt_ali.fasta,True,True,,11617,11545,0.9938021864508909,1806,602,0,0.19965341776300455,9.056113682253001e-07,0.19965432337437278,482,0.8006644518272426
VFG000144,/data2/B_Li/vfdb/workflow_clade_translatorX_solved_dup_solved/final_aln/VFG000144.nogap.dedup/VFG000144.nogap.dedup.nt_ali.fasta,True,True,,11566,0,0.0,2067,689,0,0.30344709369110756,7.529200120366813e-07,0.3034478466111196,480,0.6966618287373004
VFG000145,/data2/B_Li/vfdb/workflow_clade_translatorX_solved_dup_solved/final_aln/VFG000145.nogap.dedup/VFG000145.nogap.dedup.nt_ali.fasta,True,True,,11572,0,0.0,1824,608,0,0.3111783263139702,1.8003226178131122e-06,0.311180126636588,419,0.6891447368421053
VFG000146,/data2/B_Li/vfdb/workflow_clade_translatorX_solved_dup_solved/final_aln/VFG000146.nogap.dedup/VFG000146.nogap.dedup.nt_ali.fasta,True,True,,11575,0,0.0,2103,701,0,0.28826206314336505,2.875661530529769e-07,0.2882623507095181,499,0.7118402282453637
VFG000148,/data2/B_Li/vfdb/workflow_clade_translatorX_solved_dup_solved/final_aln/VFG000148.nogap.dedup/VFG000148.nogap.dedup.nt_ali.fasta,True,True,,11530,0,0.0,1971,657,0,0.30311819738330686,4.4003180549890144e-07,0.30311863741511236,458,0.6971080669710806
VFG000155,/data2/B_Li/vfdb/workflow_clade_translatorX_solved_dup_solved/final_aln/VFG000155.nogap.dedup/VFG000155.nogap.dedup.nt_ali.fasta,True,True,,11505,0,0.0,1701,567,0,0.24788394279919704,7.664791092286385e-07,0.24788470927830628,427,0.7530864197530864
VFG000157,/data2/B_Li/vfdb/workflow_clade_translatorX_solved_dup_solved/final_aln/VFG000157.nogap.dedup/VFG000157.nogap.dedup.nt_ali.fasta,True,True,,11584,0,0.0,3189,1063,0,0.3124363315540818,5.143284321623537e-07,0.31243684588251397,731,0.6876763875823142
VFG000164,/data2/B_Li/vfdb/workflow_clade_translatorX_solved_dup_solved/final_aln/VFG000164.nogap.dedup/VFG000164.nogap.dedup.nt_ali.fasta,True,True,,11560,0,0.0,3192,1064,0,0.3230977801337253,3.2520748237375446e-07,0.3230981053412077,721,0.6776315789473685
VFG000165,/data2/B_Li/vfdb/workflow_clade_translatorX_solved_dup_solved/final_aln/VFG000165.nogap.dedup/VFG000165.nogap.dedup.nt_ali.fasta,True,True,,11608,0,0.0,14025,4675,0,0.6204560749179066,6.142423136788078e-07,0.6204566891602202,1810,0.3871657754010695
VFG000166,/data2/B_Li/vfdb/workflow_clade_translatorX_solved_dup_solved/final_aln/VFG000166.nogap.dedup/VFG000166.nogap.dedup.nt_ali.fasta,True,True,,11577,0,0.0,8523,2841,0,0.49926350529884883,1.1249532042270147e-06,0.49926463025205303,1439,0.5065117916226681
VFG000168,/data2/B_Li/vfdb/workflow_clade_translatorX_solved_dup_solved/final_aln/VFG000168.nogap.dedup/VFG000168.nogap.dedup.nt_ali.fasta,True,True,,11579,0,0.0,2559,853,0,0.357837747865294,6.074788544204262e-07,0.35783835534414843,548,0.6424384525205158
VFG000171,/data2/B_Li/vfdb/workflow_clade_translatorX_solved_dup_solved/final_aln/VFG000171.nogap.dedup/VFG000171.nogap.dedup.nt_ali.fasta,True,True,,11575,0,0.0,2259,753,0,0.36674359437699167,8.031230011559235e-07,0.3667443974999928,477,0.6334661354581673
VFG000172,/data2/B_Li/vfdb/workflow_clade_translatorX_solved_dup_solved/final_aln/VFG000172.nogap.dedup/VFG000172.nogap.dedup.nt_ali.fasta,True,True,,11425,0,0.0,1479,493,0,0.3205123812144642,8.877013417605781e-07,0.32051326891580595,335,0.6795131845841785
VFG000173,/data2/B_Li/vfdb/workflow_clade_translatorX_solved_dup_solved/final_aln/VFG000173.nogap.dedup/VFG000173.nogap.dedup.nt_ali.fasta,True,True,,11589,0,0.0,1833,611,0,0.3411672477385929,1.3181037740276783e-06,0.34116856584236693,403,0.6595744680851063
VFG000185,/data2/B_Li/vfdb/workflow_clade_translatorX_solved_dup_solved/final_aln/VFG000185.nogap.dedup/VFG000185.nogap.dedup.nt_ali.fasta,True,True,,11538,0,0.0,1341,447,0,0.21702182032098585,1.034095552238694e-06,0.2170228544165381,350,0.7829977628635347
VFG000192,/data2/B_Li/vfdb/workflow_clade_translatorX_solved_dup_solved/final_aln/VFG000192.nogap.dedup/VFG000192.nogap.dedup.nt_ali.fasta,True,True,,11537,0,0.0,2196,732,0,0.40097955212760467,2.4471830791341647e-06,0.4009819993106838,441,0.6024590163934426
VFG000198,/data2/B_Li/vfdb/workflow_clade_translatorX_solved_dup_solved/final_aln/VFG000198.nogap.dedup/VFG000198.nogap.dedup.nt_ali.fasta,True,True,,11535,0,0.0,3048,1016,0,0.30434282515725847,8.53274355009915e-07,0.3043436784316135,707,0.6958661417322834
VFG000203,/data2/B_Li/vfdb/workflow_clade_translatorX_solved_dup_solved/final_aln/VFG000203.nogap.dedup/VFG000203.nogap.dedup.nt_ali.fasta,True,True,,11534,0,0.0,1479,493,0,0.2075208634424513,1.406899646903361e-06,0.2075222703420982,391,0.7931034482758621
VFG000211,/data2/B_Li/vfdb/workflow_clade_translatorX_solved_dup_solved/final_aln/VFG000211.nogap.dedup/VFG000211.nogap.dedup.nt_ali.fasta,True,True,,11521,0,0.0,2454,818,0,0.26536468220358317,1.3794306516706284e-06,0.2653660616342348,601,0.7347188264058679
VFG000212,/data2/B_Li/vfdb/workflow_clade_translatorX_solved_dup_solved/final_aln/VFG000212.nogap.dedup/VFG000212.nogap.dedup.nt_ali.fasta,True,True,,11522,0,0.0,1863,621,0,0.3035089911311582,1.72369728782288e-06,0.30351071482844605,433,0.6972624798711755
VFG001213,/data2/B_Li/vfdb/workflow_clade_translatorX_solved_dup_solved/final_aln/VFG001213.nogap.dedup/VFG001213.nogap.dedup.nt_ali.fasta,True,True,,11577,0,0.0,2457,819,0,0.3520278249482707,2.812475819299694e-07,0.3520281061958526,531,0.6483516483516484
VFG001214,/data2/B_Li/vfdb/workflow_clade_translatorX_solved_dup_solved/final_aln/VFG001214.nogap.dedup/VFG001214.nogap.dedup.nt_ali.fasta,True,True,,11576,0,0.0,2079,693,0,0.3573267226515326,5.817213833799874e-07,0.357327304372916,446,0.6435786435786436
VFG001222,/data2/B_Li/vfdb/workflow_clade_translatorX_solved_dup_solved/final_aln/VFG001222.nogap.dedup/VFG001222.nogap.dedup.nt_ali.fasta,True,True,,11613,0,0.0,1581,527,0,0.32664744133668167,5.991235476087808e-07,0.32664804046022927,355,0.6736242884250474
VFG001223,/data2/B_Li/vfdb/workflow_clade_translatorX_solved_dup_solved/final_aln/VFG001223.nogap.dedup/VFG001223.nogap.dedup.nt_ali.fasta,True,True,,11612,11609,0.9997416465725112,1092,364,0,0.05229125421598725,1.5772492520684048e-07,0.052291411940912455,345,0.9478021978021978
VFG001224,/data2/B_Li/vfdb/workflow_clade_translatorX_solved_dup_solved/final_aln/VFG001224.nogap.dedup/VFG001224.nogap.dedup.nt_ali.fasta,True,True,,11612,11606,0.9994832931450224,1311,437,0,0.12369591624225236,1.3137728323864973e-07,0.12369604761953559,383,0.8764302059496567
VFG001228,/data2/B_Li/vfdb/workflow_clade_translatorX_solved_dup_solved/final_aln/VFG001228.nogap.dedup/VFG001228.nogap.dedup.nt_ali.fasta,True,True,,11613,0,0.0,3561,1187,0,0.42547334056312425,1.6927064158143468e-07,0.4254735098337658,683,0.5754001684919966
VFG001230,/data2/B_Li/vfdb/workflow_clade_translatorX_solved_dup_solved/final_aln/VFG001230.nogap.dedup/VFG001230.nogap.dedup.nt_ali.fasta,True,True,,11519,0,0.0,4848,1616,0,0.43097204231665465,6.267446781139612e-07,0.43097266906133275,920,0.5693069306930693
VFG001231,/data2/B_Li/vfdb/workflow_clade_translatorX_solved_dup_solved/final_aln/VFG001231.nogap.dedup/VFG001231.nogap.dedup.nt_ali.fasta,True,True,,11575,0,0.0,13413,4471,0,0.4493539116736463,3.735778078035573e-07,0.4493542852514541,2471,0.5526727801386715
VFG001232,/data2/B_Li/vfdb/workflow_clade_translatorX_solved_dup_solved/final_aln/VFG001232.nogap.dedup/VFG001232.nogap.dedup.nt_ali.fasta,True,True,,11540,0,0.0,1335,445,0,0.22703133215196775,2.596407869712253e-07,0.22703159179275473,344,0.7730337078651686
VFG001238,/data2/B_Li/vfdb/workflow_clade_translatorX_solved_dup_solved/final_aln/VFG001238.nogap.dedup/VFG001238.nogap.dedup.nt_ali.fasta,True,True,,11436,0,0.0,1947,649,0,0.28667398548416567,5.389409056686343e-07,0.28667452442507135,463,0.7134052388289677
VFG001242,/data2/B_Li/vfdb/workflow_clade_translatorX_solved_dup_solved/final_aln/VFG001242.nogap.dedup/VFG001242.nogap.dedup.nt_ali.fasta,True,True,,11614,11610,0.9996555880833476,1383,461,0,0.19747428770796857,4.980649553901897e-07,0.19747478577292396,370,0.8026030368763557
VFG001243,/data2/B_Li/vfdb/workflow_clade_translatorX_solved_dup_solved/final_aln/VFG001243.nogap.dedup/VFG001243.nogap.dedup.nt_ali.fasta,True,True,,11577,0,0.0,1692,564,0,0.2891103171671393,5.105092411361812e-07,0.28911082767638047,401,0.7109929078014184
VFG001248,/data2/B_Li/vfdb/workflow_clade_translatorX_solved_dup_solved/final_aln/VFG001248.nogap.dedup/VFG001248.nogap.dedup.nt_ali.fasta,True,True,,11575,0,0.0,2190,730,0,0.3278644930323382,9.862224720652484e-07,0.3278654792548103,491,0.6726027397260274
VFG001249,/data2/B_Li/vfdb/workflow_clade_translatorX_solved_dup_solved/final_aln/VFG001249.nogap.dedup/VFG001249.nogap.dedup.nt_ali.fasta,True,True,,11575,0,0.0,2163,721,0,0.3433099576721796,1.4378877429056716e-06,0.3433113955599225,474,0.6574202496532594
VFG001251,/data2/B_Li/vfdb/workflow_clade_translatorX_solved_dup_solved/final_aln/VFG001251.nogap.dedup/VFG001251.nogap.dedup.nt_ali.fasta,True,True,,11616,0,0.0,2778,926,0,0.35331982325711464,5.887958715368886e-07,0.3533204120529862,599,0.6468682505399568
VFG001252,/data2/B_Li/vfdb/workflow_clade_translatorX_solved_dup_solved/final_aln/VFG001252.nogap.dedup/VFG001252.nogap.dedup.nt_ali.fasta,True,True,,11589,0,0.0,1281,427,0,0.20609081170608565,5.388835101578531e-07,0.2060913505895958,339,0.7939110070257611
VFG001254,/data2/B_Li/vfdb/workflow_clade_translatorX_solved_dup_solved/final_aln/VFG001254.nogap.dedup/VFG001254.nogap.dedup.nt_ali.fasta,True,True,,11578,0,0.0,1929,643,0,0.2972155589769518,1.4775703477958814e-06,0.2972170365472996,452,0.702954898911353
VFG001262,/data2/B_Li/vfdb/workflow_clade_translatorX_solved_dup_solved/final_aln/VFG001262.nogap.dedup/VFG001262.nogap.dedup.nt_ali.fasta,True,True,,11592,0,0.0,1896,632,0,0.40273327960793565,8.644838721888804e-07,0.40273414409180786,379,0.5996835443037974
VFG001263,/data2/B_Li/vfdb/workflow_clade_translatorX_solved_dup_solved/final_aln/VFG001263.nogap.dedup/VFG001263.nogap.dedup.nt_ali.fasta,True,True,,11612,0,0.0,3150,1050,0,0.32638830110066763,7.928306240397181e-07,0.3263890939312917,708,0.6742857142857143
VFG001264,/data2/B_Li/vfdb/workflow_clade_translatorX_solved_dup_solved/final_aln/VFG001264.nogap.dedup/VFG001264.nogap.dedup.nt_ali.fasta,True,True,,11562,0,0.0,1638,546,0,0.21267709111507763,1.584070084329555e-06,0.21267867518516195,430,0.7875457875457875
VFG001266,/data2/B_Li/vfdb/workflow_clade_translatorX_solved_dup_solved/final_aln/VFG001266.nogap.dedup/VFG001266.nogap.dedup.nt_ali.fasta,True,True,,11559,0,0.0,3594,1198,0,0.5219667089408899,7.221425217592374e-07,0.5219674310834117,575,0.47996661101836396
VFG001267,/data2/B_Li/vfdb/workflow_clade_translatorX_solved_dup_solved/final_aln/VFG001267.nogap.dedup/VFG001267.nogap.dedup.nt_ali.fasta,True,True,,11546,0,0.0,3318,1106,0,0.49731704520858305,1.0963301444743864e-06,0.49731814153872755,571,0.5162748643761302
VFG001268,/data2/B_Li/vfdb/workflow_clade_translatorX_solved_dup_solved/final_aln/VFG001268.nogap.dedup/VFG001268.nogap.dedup.nt_ali.fasta,True,True,,11554,0,0.0,1845,615,0,0.4313929220303108,7.505700814321627e-07,0.43139367260039224,350,0.5691056910569106
VFG002057,/data2/B_Li/vfdb/workflow_clade_translatorX_solved_dup_solved/final_aln/VFG002057.nogap.dedup/VFG002057.nogap.dedup.nt_ali.fasta,True,True,,11581,0,0.0,2484,828,0,0.31125047814865847,4.171416867624674e-07,0.3112508952903452,571,0.6896135265700483
VFG002058,/data2/B_Li/vfdb/workflow_clade_translatorX_solved_dup_solved/final_aln/VFG002058.nogap.dedup/VFG002058.nogap.dedup.nt_ali.fasta,True,True,,11579,0,0.0,1902,634,0,0.369471764804281,1.271383189535354e-06,0.36947303618747057,400,0.6309148264984227
VFG002060,/data2/B_Li/vfdb/workflow_clade_translatorX_solved_dup_solved/final_aln/VFG002060.nogap.dedup/VFG002060.nogap.dedup.nt_ali.fasta,True,True,,11586,0,0.0,6330,2110,0,0.5301304565159946,7.635734035384537e-07,0.5301312200893981,1033,0.4895734597156398
VFG002063,/data2/B_Li/vfdb/workflow_clade_translatorX_solved_dup_solved/final_aln/VFG002063.nogap.dedup/VFG002063.nogap.dedup.nt_ali.fasta,True,True,,11588,0,0.0,4416,1472,0,0.25116359127133014,5.276260299260104e-07,0.25116411889736007,1102,0.748641304347826
VFG002064,/data2/B_Li/vfdb/workflow_clade_translatorX_solved_dup_solved/final_aln/VFG002064.nogap.dedup/VFG002064.nogap.dedup.nt_ali.fasta,True,True,,11588,0,0.0,1956,652,0,0.3102903151345479,7.941365194796394e-07,0.3102911092710674,450,0.6901840490797546
VFG002065,/data2/B_Li/vfdb/workflow_clade_translatorX_solved_dup_solved/final_aln/VFG002065.nogap.dedup/VFG002065.nogap.dedup.nt_ali.fasta,True,True,,11584,0,0.0,1887,629,0,0.2926431062196418,7.319636828899098e-07,0.2926438381833247,445,0.7074721780604134
VFG002067,/data2/B_Li/vfdb/workflow_clade_translatorX_solved_dup_solved/final_aln/VFG002067.nogap.dedup/VFG002067.nogap.dedup.nt_ali.fasta,True,True,,11103,0,0.0,4062,1354,0,0.6776586790188448,2.3503124784785655e-06,0.6776610293313233,369,0.2725258493353028
VFG002068,/data2/B_Li/vfdb/workflow_clade_translatorX_solved_dup_solved/final_aln/VFG002068.nogap.dedup/VFG002068.nogap.dedup.nt_ali.fasta,True,True,,11504,0,0.0,1884,628,0,0.4515409483713225,3.691137431381755e-07,0.45154131748506565,345,0.5493630573248408
VFG002070,/data2/B_Li/vfdb/workflow_clade_translatorX_solved_dup_solved/final_aln/VFG002070.nogap.dedup/VFG002070.nogap.dedup.nt_ali.fasta,True,True,,11588,0,0.0,2052,684,0,0.27110975863314946,1.471913204558591e-06,0.271111230546354,499,0.72953216374269
VFG002074,/data2/B_Li/vfdb/workflow_clade_translatorX_solved_dup_solved/final_aln/VFG002074.nogap.dedup/VFG002074.nogap.dedup.nt_ali.fasta,True,True,,11603,0,0.0,2481,827,0,0.2510292911988216,6.252813114566856e-07,0.25102991648013306,620,0.7496977025392987
VFG002075,/data2/B_Li/vfdb/workflow_clade_translatorX_solved_dup_solved/final_aln/VFG002075.nogap.dedup/VFG002075.nogap.dedup.nt_ali.fasta,True,True,,11602,0,0.0,1641,547,0,0.36228718682115896,6.82813203002151e-07,0.36228786963436194,349,0.6380255941499086
VFG002076,/data2/B_Li/vfdb/workflow_clade_translatorX_solved_dup_solved/final_aln/VFG002076.nogap.dedup/VFG002076.nogap.dedup.nt_ali.fasta,True,True,,11603,0,0.0,3387,1129,0,0.20224664721647764,2.4427878102140132e-06,0.20224909000428787,903,0.7998228520814881
VFG002077,/data2/B_Li/vfdb/workflow_clade_translatorX_solved_dup_solved/final_aln/VFG002077.nogap.dedup/VFG002077.nogap.dedup.nt_ali.fasta,True,True,,11550,0,0.0,3267,1089,0,0.43370247138842183,2.067109505126034e-06,0.43370453849792695,644,0.5913682277318641
VFG013836,/data2/B_Li/vfdb/workflow_clade_translatorX_solved_dup_solved/final_aln/VFG013836.nogap.dedup/VFG013836.nogap.dedup.nt_ali.fasta,True,True,,11613,0,0.0,1581,527,0,0.32664744133668167,5.991235476087808e-07,0.32664804046022927,355,0.6736242884250474
VFG013897,/data2/B_Li/vfdb/workflow_clade_translatorX_solved_dup_solved/final_aln/VFG013897.nogap.dedup/VFG013897.nogap.dedup.nt_ali.fasta,True,True,,11163,11160,0.999731255038968,1092,364,0,0.05229501305824875,1.6406896277898696e-07,0.052295177127211524,345,0.9478021978021978
VFG013898,/data2/B_Li/vfdb/workflow_clade_translatorX_solved_dup_solved/final_aln/VFG013898.nogap.dedup/VFG013898.nogap.dedup.nt_ali.fasta,True,True,,11612,11609,0.9997416465725112,1092,364,0,0.05229125421598725,1.5772492520684048e-07,0.052291411940912455,345,0.9478021978021978
VFG013910,/data2/B_Li/vfdb/workflow_clade_translatorX_solved_dup_solved/final_aln/VFG013910.nogap.dedup/VFG013910.nogap.dedup.nt_ali.fasta,True,True,,11612,11606,0.9994832931450224,1362,454,0,0.1565136172363088,1.2645786954909677e-07,0.15651374369417834,383,0.8436123348017621
VFG013911,/data2/B_Li/vfdb/workflow_clade_translatorX_solved_dup_solved/final_aln/VFG013911.nogap.dedup/VFG013911.nogap.dedup.nt_ali.fasta,True,True,,11612,11606,0.9994832931450224,1311,437,0,0.12369591624225236,1.3137728323864973e-07,0.12369604761953559,383,0.8764302059496567
VFG013973,/data2/B_Li/vfdb/workflow_clade_translatorX_solved_dup_solved/final_aln/VFG013973.nogap.dedup/VFG013973.nogap.dedup.nt_ali.fasta,True,True,,11519,0,0.0,4908,1636,0,0.4379282681891999,6.19082762733595e-07,0.4379288872719626,920,0.5623471882640587
VFG013986,/data2/B_Li/vfdb/workflow_clade_translatorX_solved_dup_solved/final_aln/VFG013986.nogap.dedup/VFG013986.nogap.dedup.nt_ali.fasta,True,True,,11576,0,0.0,2079,693,0,0.3573267226515326,5.817213833799874e-07,0.357327304372916,446,0.6435786435786436
VFG013996,/data2/B_Li/vfdb/workflow_clade_translatorX_solved_dup_solved/final_aln/VFG013996.nogap.dedup/VFG013996.nogap.dedup.nt_ali.fasta,True,True,,11577,0,0.0,2457,819,0,0.3520278249482707,2.812475819299694e-07,0.3520281061958526,531,0.6483516483516484
VFG014043,/data2/B_Li/vfdb/workflow_clade_translatorX_solved_dup_solved/final_aln/VFG014043.nogap.dedup/VFG014043.nogap.dedup.nt_ali.fasta,True,True,,11613,0,0.0,3492,1164,0,0.41412108364159966,1.7261533638931526e-07,0.4141212562569361,683,0.5867697594501718
VFG014044,/data2/B_Li/vfdb/workflow_clade_translatorX_solved_dup_solved/final_aln/VFG014044.nogap.dedup/VFG014044.nogap.dedup.nt_ali.fasta,True,True,,11613,0,0.0,3561,1187,0,0.42547334056312425,1.6927064158143468e-07,0.4254735098337658,683,0.5754001684919966
VFG014062,/data2/B_Li/vfdb/workflow_clade_translatorX_solved_dup_solved/final_aln/VFG014062.nogap.dedup/VFG014062.nogap.dedup.nt_ali.fasta,True,True,,11609,0,0.0,13974,4658,0,0.47304620447239654,3.575299625827634e-07,0.4730465620023591,2471,0.5304851867754401
VFG014075,/data2/B_Li/vfdb/workflow_clade_translatorX_solved_dup_solved/final_aln/VFG014075.nogap.dedup/VFG014075.nogap.dedup.nt_ali.fasta,True,True,,11525,0,0.0,1335,445,0,0.22703141680274927,2.5997871424277137e-07,0.22703167678146352,344,0.7730337078651686
VFG014117,/data2/B_Li/vfdb/workflow_clade_translatorX_solved_dup_solved/final_aln/VFG014117.nogap.dedup/VFG014117.nogap.dedup.nt_ali.fasta,True,True,,11307,0,0.0,3399,1133,0,0.41986698599021405,6.504912392750582e-07,0.4198676364814533,515,0.45454545454545453
VFG014147,/data2/B_Li/vfdb/workflow_clade_translatorX_solved_dup_solved/final_aln/VFG014147.nogap.dedup/VFG014147.nogap.dedup.nt_ali.fasta,True,True,,11307,0,0.0,3516,1172,0,0.4511435575111132,6.03691391753153e-07,0.45114416120250495,448,0.3822525597269625
VFG014189,/data2/B_Li/vfdb/workflow_clade_translatorX_solved_dup_solved/final_aln/VFG014189.nogap.dedup/VFG014189.nogap.dedup.nt_ali.fasta,True,True,,11436,0,0.0,1950,650,0,0.28777127559394083,5.381117658137595e-07,0.28777181370570665,463,0.7123076923076923
VFG014240,/data2/B_Li/vfdb/workflow_clade_translatorX_solved_dup_solved/final_aln/VFG014240.nogap.dedup/VFG014240.nogap.dedup.nt_ali.fasta,True,True,,11498,11495,0.999739085058271,1326,442,0,0.1629758155854766,5.247158204705809e-07,0.16297634030129707,370,0.8371040723981901
VFG014241,/data2/B_Li/vfdb/workflow_clade_translatorX_solved_dup_solved/final_aln/VFG014241.nogap.dedup/VFG014241.nogap.dedup.nt_ali.fasta,True,True,,11614,11610,0.9996555880833476,1383,461,0,0.19747428770796857,4.980649553901897e-07,0.19747478577292396,370,0.8026030368763557
VFG014254,/data2/B_Li/vfdb/workflow_clade_translatorX_solved_dup_solved/final_aln/VFG014254.nogap.dedup/VFG014254.nogap.dedup.nt_ali.fasta,True,True,,11582,0,0.0,1692,564,0,0.2891102726044694,5.102888520664453e-07,0.2891107828933215,401,0.7109929078014184
VFG014358,/data2/B_Li/vfdb/workflow_clade_translatorX_solved_dup_solved/final_aln/VFG014358.nogap.dedup/VFG014358.nogap.dedup.nt_ali.fasta,True,True,,11575,0,0.0,2175,725,0,0.3232296715573099,9.930240063553537e-07,0.3232306645813163,491,0.6772413793103448
VFG014369,/data2/B_Li/vfdb/workflow_clade_translatorX_solved_dup_solved/final_aln/VFG014369.nogap.dedup/VFG014369.nogap.dedup.nt_ali.fasta,True,True,,11575,0,0.0,1848,616,0,0.3460379792993184,7.947416154759568e-07,0.34603877404093386,403,0.6542207792207793
VFG014371,/data2/B_Li/vfdb/workflow_clade_translatorX_solved_dup_solved/final_aln/VFG014371.nogap.dedup/VFG014371.nogap.dedup.nt_ali.fasta,True,True,,11575,0,0.0,1848,616,0,0.3460379792993184,7.947416154759568e-07,0.34603877404093386,403,0.6542207792207793
VFG014384,/data2/B_Li/vfdb/workflow_clade_translatorX_solved_dup_solved/final_aln/VFG014384.nogap.dedup/VFG014384.nogap.dedup.nt_ali.fasta,True,True,,11575,0,0.0,2163,721,0,0.3433099576721796,1.4378877429056716e-06,0.3433113955599225,474,0.6574202496532594
VFG014409,/data2/B_Li/vfdb/workflow_clade_translatorX_solved_dup_solved/final_aln/VFG014409.nogap.dedup/VFG014409.nogap.dedup.nt_ali.fasta,True,True,,11615,0,0.0,2541,847,0,0.294163035727627,6.437684988148731e-07,0.2941636794961258,598,0.706021251475797
VFG014410,/data2/B_Li/vfdb/workflow_clade_translatorX_solved_dup_solved/final_aln/VFG014410.nogap.dedup/VFG014410.nogap.dedup.nt_ali.fasta,True,True,,11616,0,0.0,2778,926,0,0.35331982325711464,5.887958715368886e-07,0.3533204120529862,599,0.6468682505399568
VFG014423,/data2/B_Li/vfdb/workflow_clade_translatorX_solved_dup_solved/final_aln/VFG014423.nogap.dedup/VFG014423.nogap.dedup.nt_ali.fasta,True,True,,11582,0,0.0,1281,427,0,0.20609081280530195,5.392092038697427e-07,0.20609135201450582,339,0.7939110070257611
VFG014449,/data2/B_Li/vfdb/workflow_clade_translatorX_solved_dup_solved/final_aln/VFG014449.nogap.dedup/VFG014449.nogap.dedup.nt_ali.fasta,True,True,,11578,0,0.0,1929,643,0,0.2972155589769518,1.4775703477958814e-06,0.2972170365472996,452,0.702954898911353
VFG014473,/data2/B_Li/vfdb/workflow_clade_translatorX_solved_dup_solved/final_aln/VFG014473.nogap.dedup/VFG014473.nogap.dedup.nt_ali.fasta,True,True,,11570,0,0.0,1677,559,0,0.2344340971886147,8.246194252505683e-07,0.23443492180803993,428,0.7656529516994633
VFG014475,/data2/B_Li/vfdb/workflow_clade_translatorX_solved_dup_solved/final_aln/VFG014475.nogap.dedup/VFG014475.nogap.dedup.nt_ali.fasta,True,True,,11569,0,0.0,1677,559,0,0.2344330223063888,8.24690703617346e-07,0.2344338469970924,428,0.7656529516994633
VFG014579,/data2/B_Li/vfdb/workflow_clade_translatorX_solved_dup_solved/final_aln/VFG014579.nogap.dedup/VFG014579.nogap.dedup.nt_ali.fasta,True,True,,11592,0,0.0,1896,632,0,0.40273327960793565,8.644838721888804e-07,0.40273414409180786,379,0.5996835443037974
VFG014591,/data2/B_Li/vfdb/workflow_clade_translatorX_solved_dup_solved/final_aln/VFG014591.nogap.dedup/VFG014591.nogap.dedup.nt_ali.fasta,True,True,,11612,0,0.0,3150,1050,0,0.32638830110066763,7.928306240397181e-07,0.3263890939312917,708,0.6742857142857143
VFG014592,/data2/B_Li/vfdb/workflow_clade_translatorX_solved_dup_solved/final_aln/VFG014592.nogap.dedup/VFG014592.nogap.dedup.nt_ali.fasta,True,True,,11612,0,0.0,3150,1050,0,0.32638830110066763,7.928306240397181e-07,0.3263890939312917,708,0.6742857142857143
VFG014605,/data2/B_Li/vfdb/workflow_clade_translatorX_solved_dup_solved/final_aln/VFG014605.nogap.dedup/VFG014605.nogap.dedup.nt_ali.fasta,True,True,,11562,0,0.0,1638,546,0,0.21267709111507763,1.584070084329555e-06,0.21267867518516195,430,0.7875457875457875
VFG014681,/data2/B_Li/vfdb/workflow_clade_translatorX_solved_dup_solved/final_aln/VFG014681.nogap.dedup/VFG014681.nogap.dedup.nt_ali.fasta,True,True,,11552,0,0.0,1431,477,0,0.2709220761685744,7.864054929334813e-07,0.27092286257406734,348,0.7295597484276729
VFG014683,/data2/B_Li/vfdb/workflow_clade_translatorX_solved_dup_solved/final_aln/VFG014683.nogap.dedup/VFG014683.nogap.dedup.nt_ali.fasta,True,True,,11540,0,0.0,1431,477,0,0.270926210537407,7.872232456124416e-07,0.2709269977606526,348,0.7295597484276729
VFG014747,/data2/B_Li/vfdb/workflow_clade_translatorX_solved_dup_solved/final_aln/VFG014747.nogap.dedup/VFG014747.nogap.dedup.nt_ali.fasta,True,True,,11616,0,0.0,1956,652,0,0.3352326862461762,3.080864416614556e-07,0.33523299433261783,436,0.6687116564417178
VFG014748,/data2/B_Li/vfdb/workflow_clade_translatorX_solved_dup_solved/final_aln/VFG014748.nogap.dedup/VFG014748.nogap.dedup.nt_ali.fasta,True,True,,11617,0,0.0,1956,652,0,0.33373042257195534,1.3642653659848685e-06,0.33373178683732135,437,0.6702453987730062
VFG014759,/data2/B_Li/vfdb/workflow_clade_translatorX_solved_dup_solved/final_aln/VFG014759.nogap.dedup/VFG014759.nogap.dedup.nt_ali.fasta,True,True,,11617,0,0.0,1911,637,0,0.22298980179672268,4.954935536964337e-07,0.22299029729027636,495,0.7770800627943485
VFG014760,/data2/B_Li/vfdb/workflow_clade_translatorX_solved_dup_solved/final_aln/VFG014760.nogap.dedup/VFG014760.nogap.dedup.nt_ali.fasta,True,True,,11617,0,0.0,1911,637,0,0.22298980179672268,4.954935536964337e-07,0.22299029729027636,495,0.7770800627943485
VFG014771,/data2/B_Li/vfdb/workflow_clade_translatorX_solved_dup_solved/final_aln/VFG014771.nogap.dedup/VFG014771.nogap.dedup.nt_ali.fasta,True,True,,11617,0,0.0,1890,630,0,0.3809799814448175,4.554536705694492e-07,0.38098043689848804,390,0.6190476190476191
VFG014772,/data2/B_Li/vfdb/workflow_clade_translatorX_solved_dup_solved/final_aln/VFG014772.nogap.dedup/VFG014772.nogap.dedup.nt_ali.fasta,True,True,,11617,0,0.0,1890,630,0,0.3809799814448175,4.554536705694492e-07,0.38098043689848804,390,0.6190476190476191
VFG014783,/data2/B_Li/vfdb/workflow_clade_translatorX_solved_dup_solved/final_aln/VFG014783.nogap.dedup/VFG014783.nogap.dedup.nt_ali.fasta,True,True,,11617,0,0.0,2052,684,0,0.3041943723329442,5.872955225763949e-07,0.3041949596284668,476,0.695906432748538
VFG014784,/data2/B_Li/vfdb/workflow_clade_translatorX_solved_dup_solved/final_aln/VFG014784.nogap.dedup/VFG014784.nogap.dedup.nt_ali.fasta,True,True,,11617,0,0.0,2112,704,0,0.32396157766439465,5.706109906850202e-07,0.32396214827538533,476,0.6761363636363636
VFG014796,/data2/B_Li/vfdb/workflow_clade_translatorX_solved_dup_solved/final_aln/VFG014796.nogap.dedup/VFG014796.nogap.dedup.nt_ali.fasta,True,True,,11617,11612,0.9995695962813119,1830,610,0,0.19513305119546398,5.644638933614813e-07,0.19513361565935733,491,0.8049180327868852
VFG014797,/data2/B_Li/vfdb/workflow_clade_translatorX_solved_dup_solved/final_aln/VFG014797.nogap.dedup/VFG014797.nogap.dedup.nt_ali.fasta,True,True,,11617,11612,0.9995695962813119,1830,610,0,0.19513305119546398,5.644638933614813e-07,0.19513361565935733,491,0.8049180327868852
VFG014808,/data2/B_Li/vfdb/workflow_clade_translatorX_solved_dup_solved/final_aln/VFG014808.nogap.dedup/VFG014808.nogap.dedup.nt_ali.fasta,True,True,,11617,0,0.0,2388,796,0,0.3344167683558535,1.4779357174383005e-06,0.3344182462915709,530,0.6658291457286433
VFG014809,/data2/B_Li/vfdb/workflow_clade_translatorX_solved_dup_solved/final_aln/VFG014809.nogap.dedup/VFG014809.nogap.dedup.nt_ali.fasta,True,True,,11617,0,0.0,2376,792,0,0.3134560723008687,1.4854000392435445e-06,0.31345755770090794,544,0.6868686868686869
VFG014820,/data2/B_Li/vfdb/workflow_clade_translatorX_solved_dup_solved/final_aln/VFG014820.nogap.dedup/VFG014820.nogap.dedup.nt_ali.fasta,True,True,,11617,0,0.0,2073,691,0,0.3126268242795534,6.643955136526842e-07,0.31262748867506707,475,0.6874095513748191
VFG014821,/data2/B_Li/vfdb/workflow_clade_translatorX_solved_dup_solved/final_aln/VFG014821.nogap.dedup/VFG014821.nogap.dedup.nt_ali.fasta,True,True,,11617,0,0.0,2073,691,0,0.3126268242795534,6.643955136526842e-07,0.31262748867506707,475,0.6874095513748191
VFG014832,/data2/B_Li/vfdb/workflow_clade_translatorX_solved_dup_solved/final_aln/VFG014832.nogap.dedup/VFG014832.nogap.dedup.nt_ali.fasta,True,True,,11532,0,0.0,1518,506,0,0.2727449242458517,9.139944895272226e-07,0.27274583824034127,368,0.7272727272727273
VFG014833,/data2/B_Li/vfdb/workflow_clade_translatorX_solved_dup_solved/final_aln/VFG014833.nogap.dedup/VFG014833.nogap.dedup.nt_ali.fasta,True,True,,11617,0,0.0,1533,511,0,0.2798607951401271,8.98429158383571e-07,0.27986169356928553,368,0.7201565557729941
VFG014844,/data2/B_Li/vfdb/workflow_clade_translatorX_solved_dup_solved/final_aln/VFG014844.nogap.dedup/VFG014844.nogap.dedup.nt_ali.fasta,True,True,,11617,0,0.0,1989,663,0,0.21465655146518384,6.491760462867715e-07,0.21465720064123012,521,0.7858220211161387
VFG014845,/data2/B_Li/vfdb/workflow_clade_translatorX_solved_dup_solved/final_aln/VFG014845.nogap.dedup/VFG014845.nogap.dedup.nt_ali.fasta,True,True,,11617,0,0.0,2022,674,0,0.2274724522462604,6.385811849972248e-07,0.22747309082744538,521,0.7729970326409495
VFG014857,/data2/B_Li/vfdb/workflow_clade_translatorX_solved_dup_solved/final_aln/VFG014857.nogap.dedup/VFG014857.nogap.dedup.nt_ali.fasta,True,True,,11613,0,0.0,1803,601,0,0.34811552203602225,7.641521333288822e-07,0.3481162861881556,392,0.6522462562396006
VFG014858,/data2/B_Li/vfdb/workflow_clade_translatorX_solved_dup_solved/final_aln/VFG014858.nogap.dedup/VFG014858.nogap.dedup.nt_ali.fasta,True,True,,11616,0,0.0,1827,609,0,0.3566803276834625,1.0366389676734504e-06,0.35668136432243014,392,0.6436781609195402
VFG014881,/data2/B_Li/vfdb/workflow_clade_translatorX_solved_dup_solved/final_aln/VFG014881.nogap.dedup/VFG014881.nogap.dedup.nt_ali.fasta,True,True,,11617,11545,0.9938021864508909,1806,602,0,0.1996537037455419,9.056113682253001e-07,0.19965460935691012,482,0.8006644518272426
VFG014882,/data2/B_Li/vfdb/workflow_clade_translatorX_solved_dup_solved/final_aln/VFG014882.nogap.dedup/VFG014882.nogap.dedup.nt_ali.fasta,True,True,,11617,11545,0.9938021864508909,1806,602,0,0.19965341776300455,9.056113682253001e-07,0.19965432337437278,482,0.8006644518272426
VFG014893,/data2/B_Li/vfdb/workflow_clade_translatorX_solved_dup_solved/final_aln/VFG014893.nogap.dedup/VFG014893.nogap.dedup.nt_ali.fasta,True,True,,11579,0,0.0,3888,1296,0,0.3300851824130317,4.4425536935924517e-07,0.3300856266684011,869,0.6705246913580247
VFG014895,/data2/B_Li/vfdb/workflow_clade_translatorX_solved_dup_solved/final_aln/VFG014895.nogap.dedup/VFG014895.nogap.dedup.nt_ali.fasta,True,True,,11579,0,0.0,3888,1296,0,0.3300851824130317,4.4425536935924517e-07,0.3300856266684011,869,0.6705246913580247
VFG014950,/data2/B_Li/vfdb/workflow_clade_translatorX_solved_dup_solved/final_aln/VFG014950.nogap.dedup/VFG014950.nogap.dedup.nt_ali.fasta,True,True,,11615,0,0.0,1965,655,0,0.27491168632296353,5.695889867778679e-07,0.2749122559119503,475,0.7251908396946565
VFG014951,/data2/B_Li/vfdb/workflow_clade_translatorX_solved_dup_solved/final_aln/VFG014951.nogap.dedup/VFG014951.nogap.dedup.nt_ali.fasta,True,True,,11614,0,0.0,1929,643,0,0.2613806579231747,5.80268910896852e-07,0.26138123819208564,475,0.7387247278382582
VFG014952,/data2/B_Li/vfdb/workflow_clade_translatorX_solved_dup_solved/final_aln/VFG014952.nogap.dedup/VFG014952.nogap.dedup.nt_ali.fasta,True,True,,11615,0,0.0,1965,655,0,0.27491168632296353,5.695889867778679e-07,0.2749122559119503,475,0.7251908396946565
VFG014978,/data2/B_Li/vfdb/workflow_clade_translatorX_solved_dup_solved/final_aln/VFG014978.nogap.dedup/VFG014978.nogap.dedup.nt_ali.fasta,True,True,,11608,0,0.0,1440,480,0,0.252145251837813,3.589478520560533e-07,0.25214561078566505,359,0.7479166666666667
VFG014984,/data2/B_Li/vfdb/workflow_clade_translatorX_solved_dup_solved/final_aln/VFG014984.nogap.dedup/VFG014984.nogap.dedup.nt_ali.fasta,True,True,,11578,0,0.0,1743,581,0,0.32911236783870174,6.937405868074127e-07,0.32911306157928855,390,0.6712564543889845
VFG014986,/data2/B_Li/vfdb/workflow_clade_translatorX_solved_dup_solved/final_aln/VFG014986.nogap.dedup/VFG014986.nogap.dedup.nt_ali.fasta,True,True,,11579,0,0.0,1743,581,0,0.3291129305694519,6.93680673119978e-07,0.329113624250125,390,0.6712564543889845
VFG015000,/data2/B_Li/vfdb/workflow_clade_translatorX_solved_dup_solved/final_aln/VFG015000.nogap.dedup/VFG015000.nogap.dedup.nt_ali.fasta,True,True,,11617,0,0.0,2010,670,0,0.3271303378091037,9.421772946406814e-07,0.32713127998639835,451,0.673134328358209
VFG015001,/data2/B_Li/vfdb/workflow_clade_translatorX_solved_dup_solved/final_aln/VFG015001.nogap.dedup/VFG015001.nogap.dedup.nt_ali.fasta,True,True,,11616,0,0.0,2043,681,0,0.33799903318325425,9.270383719722926e-07,0.3379999602216262,451,0.6622613803230544
VFG015002,/data2/B_Li/vfdb/workflow_clade_translatorX_solved_dup_solved/final_aln/VFG015002.nogap.dedup/VFG015002.nogap.dedup.nt_ali.fasta,True,True,,11617,0,0.0,2010,670,0,0.3271303378091037,9.421772946406814e-07,0.32713127998639835,451,0.673134328358209
VFG015044,/data2/B_Li/vfdb/workflow_clade_translatorX_solved_dup_solved/final_aln/VFG015044.nogap.dedup/VFG015044.nogap.dedup.nt_ali.fasta,True,True,,11505,0,0.0,1701,567,0,0.24788394279919704,7.664791092286385e-07,0.24788470927830628,427,0.7530864197530864
VFG015067,/data2/B_Li/vfdb/workflow_clade_translatorX_solved_dup_solved/final_aln/VFG015067.nogap.dedup/VFG015067.nogap.dedup.nt_ali.fasta,True,True,,11574,0,0.0,4833,1611,0,0.4268259719096839,5.541934909724204e-07,0.4268265261031749,926,0.5747982619490999
VFG015069,/data2/B_Li/vfdb/workflow_clade_translatorX_solved_dup_solved/final_aln/VFG015069.nogap.dedup/VFG015069.nogap.dedup.nt_ali.fasta,True,True,,11574,0,0.0,4932,1644,0,0.4383312899917888,5.43069169073339e-07,0.43833183306095785,926,0.5632603406326034
VFG015094,/data2/B_Li/vfdb/workflow_clade_translatorX_solved_dup_solved/final_aln/VFG015094.nogap.dedup/VFG015094.nogap.dedup.nt_ali.fasta,True,True,,11513,0,0.0,1341,447,0,0.21702186284505542,1.0363410476617782e-06,0.2170228991861031,350,0.7829977628635347
VFG015108,/data2/B_Li/vfdb/workflow_clade_translatorX_solved_dup_solved/final_aln/VFG015108.nogap.dedup/VFG015108.nogap.dedup.nt_ali.fasta,True,True,,11537,0,0.0,2142,714,0,0.38587807490162573,2.5088767702047736e-06,0.38588058377839596,441,0.6176470588235294
VFG015120,/data2/B_Li/vfdb/workflow_clade_translatorX_solved_dup_solved/final_aln/VFG015120.nogap.dedup/VFG015120.nogap.dedup.nt_ali.fasta,True,True,,11535,0,0.0,3048,1016,0,0.30434282515725847,8.53274355009915e-07,0.3043436784316135,707,0.6958661417322834
VFG015130,/data2/B_Li/vfdb/workflow_clade_translatorX_solved_dup_solved/final_aln/VFG015130.nogap.dedup/VFG015130.nogap.dedup.nt_ali.fasta,True,True,,11534,0,0.0,1485,495,0,0.2107229744996348,1.4012152038855698e-06,0.2107243757148387,391,0.7898989898989899
VFG015146,/data2/B_Li/vfdb/workflow_clade_translatorX_solved_dup_solved/final_aln/VFG015146.nogap.dedup/VFG015146.nogap.dedup.nt_ali.fasta,True,True,,11521,0,0.0,2454,818,0,0.26536468220358317,1.3794306516706284e-06,0.2653660616342348,601,0.7347188264058679
VFG015148,/data2/B_Li/vfdb/workflow_clade_translatorX_solved_dup_solved/final_aln/VFG015148.nogap.dedup/VFG015148.nogap.dedup.nt_ali.fasta,True,True,,11522,0,0.0,1866,622,0,0.30462875159557756,1.7209260703183415e-06,0.3046304725216479,433,0.6961414790996785
VFG015168,/data2/B_Li/vfdb/workflow_clade_translatorX_solved_dup_solved/final_aln/VFG015168.nogap.dedup/VFG015168.nogap.dedup.nt_ali.fasta,True,True,,11530,0,0.0,1884,628,0,0.2964129852337574,4.603517455617488e-07,0.296413445585503,442,0.7038216560509554
VFG015365,/data2/B_Li/vfdb/workflow_clade_translatorX_solved_dup_solved/final_aln/VFG015365.nogap.dedup/VFG015365.nogap.dedup.nt_ali.fasta,True,True,,11581,0,0.0,2484,828,0,0.31125047814865847,4.171416867624674e-07,0.3112508952903452,571,0.6896135265700483
VFG015366,/data2/B_Li/vfdb/workflow_clade_translatorX_solved_dup_solved/final_aln/VFG015366.nogap.dedup/VFG015366.nogap.dedup.nt_ali.fasta,True,True,,11581,0,0.0,2484,828,0,0.31125047814865847,4.171416867624674e-07,0.3112508952903452,571,0.6896135265700483
VFG015372,/data2/B_Li/vfdb/workflow_clade_translatorX_solved_dup_solved/final_aln/VFG015372.nogap.dedup/VFG015372.nogap.dedup.nt_ali.fasta,True,True,,11573,0,0.0,1866,622,0,0.3573235519085753,6.482916727212478e-07,0.357324200200248,400,0.6430868167202572
VFG015373,/data2/B_Li/vfdb/workflow_clade_translatorX_solved_dup_solved/final_aln/VFG015373.nogap.dedup/VFG015373.nogap.dedup.nt_ali.fasta,True,True,,11579,0,0.0,1902,634,0,0.369471764804281,1.271383189535354e-06,0.36947303618747057,400,0.6309148264984227
VFG015386,/data2/B_Li/vfdb/workflow_clade_translatorX_solved_dup_solved/final_aln/VFG015386.nogap.dedup/VFG015386.nogap.dedup.nt_ali.fasta,True,True,,11586,0,0.0,7164,2388,0,0.5848300423806124,6.746816924062552e-07,0.5848307170623048,1033,0.4325795644891122
VFG015387,/data2/B_Li/vfdb/workflow_clade_translatorX_solved_dup_solved/final_aln/VFG015387.nogap.dedup/VFG015387.nogap.dedup.nt_ali.fasta,True,True,,11586,0,0.0,5853,1951,0,0.4918382735026446,8.258020919867439e-07,0.49183909930473657,1033,0.5294720656073808
VFG015403,/data2/B_Li/vfdb/workflow_clade_translatorX_solved_dup_solved/final_aln/VFG015403.nogap.dedup/VFG015403.nogap.dedup.nt_ali.fasta,True,True,,11588,0,0.0,4644,1548,0,0.23949110012228636,5.017219095937257e-07,0.23949160184419596,1177,0.7603359173126615
VFG015404,/data2/B_Li/vfdb/workflow_clade_translatorX_solved_dup_solved/final_aln/VFG015404.nogap.dedup/VFG015404.nogap.dedup.nt_ali.fasta,True,True,,11588,0,0.0,4644,1548,0,0.23949110012228636,5.017219095937257e-07,0.23949160184419596,1177,0.7603359173126615
VFG015412,/data2/B_Li/vfdb/workflow_clade_translatorX_solved_dup_solved/final_aln/VFG015412.nogap.dedup/VFG015412.nogap.dedup.nt_ali.fasta,True,True,,11581,0,0.0,2055,685,0,0.3435176040292525,7.563357298671307e-07,0.3435183603649824,450,0.656934306569343
VFG015413,/data2/B_Li/vfdb/workflow_clade_translatorX_solved_dup_solved/final_aln/VFG015413.nogap.dedup/VFG015413.nogap.dedup.nt_ali.fasta,True,True,,11588,0,0.0,1956,652,0,0.3102903151345479,7.941365194796394e-07,0.3102911092710674,450,0.6901840490797546
VFG015417,/data2/B_Li/vfdb/workflow_clade_translatorX_solved_dup_solved/final_aln/VFG015417.nogap.dedup/VFG015417.nogap.dedup.nt_ali.fasta,True,True,,11584,0,0.0,1887,629,0,0.2926431062196418,7.319636828899098e-07,0.2926438381833247,445,0.7074721780604134
VFG015418,/data2/B_Li/vfdb/workflow_clade_translatorX_solved_dup_solved/final_aln/VFG015418.nogap.dedup/VFG015418.nogap.dedup.nt_ali.fasta,True,True,,11584,0,0.0,1887,629,0,0.2926431062196418,7.319636828899098e-07,0.2926438381833247,445,0.7074721780604134
VFG015438,/data2/B_Li/vfdb/workflow_clade_translatorX_solved_dup_solved/final_aln/VFG015438.nogap.dedup/VFG015438.nogap.dedup.nt_ali.fasta,True,True,,11446,0,0.0,1872,624,0,0.4480297954273579,3.7336224650570275e-07,0.4480301687896044,345,0.5528846153846154
VFG015447,/data2/B_Li/vfdb/workflow_clade_translatorX_solved_dup_solved/final_aln/VFG015447.nogap.dedup/VFG015447.nogap.dedup.nt_ali.fasta,True,True,,11588,0,0.0,2052,684,0,0.2711098847971384,1.471913204558591e-06,0.2711113567103429,499,0.72953216374269
VFG015448,/data2/B_Li/vfdb/workflow_clade_translatorX_solved_dup_solved/final_aln/VFG015448.nogap.dedup/VFG015448.nogap.dedup.nt_ali.fasta,True,True,,11588,0,0.0,2052,684,0,0.27110975863314946,1.471913204558591e-06,0.271111230546354,499,0.72953216374269
VFG015473,/data2/B_Li/vfdb/workflow_clade_translatorX_solved_dup_solved/final_aln/VFG015473.nogap.dedup/VFG015473.nogap.dedup.nt_ali.fasta,True,True,,11603,0,0.0,2415,805,0,0.23056245359547728,6.423697448132658e-07,0.2305630959652221,620,0.7701863354037267
VFG015474,/data2/B_Li/vfdb/workflow_clade_translatorX_solved_dup_solved/final_aln/VFG015474.nogap.dedup/VFG015474.nogap.dedup.nt_ali.fasta,True,True,,11603,0,0.0,2481,827,0,0.2510292911988216,6.252813114566856e-07,0.25102991648013306,620,0.7496977025392987
VFG015483,/data2/B_Li/vfdb/workflow_clade_translatorX_solved_dup_solved/final_aln/VFG015483.nogap.dedup/VFG015483.nogap.dedup.nt_ali.fasta,True,True,,11601,0,0.0,1632,544,0,0.3587704153293073,6.866378997077669e-07,0.358771101967207,349,0.6415441176470589
VFG015491,/data2/B_Li/vfdb/workflow_clade_translatorX_solved_dup_solved/final_aln/VFG015491.nogap.dedup/VFG015491.nogap.dedup.nt_ali.fasta,True,True,,11603,11162,0.9619925881237611,3372,1124,0,0.19881025369865382,2.4536543040316915e-06,0.19881270735295786,903,0.8033807829181495
VFG015492,/data2/B_Li/vfdb/workflow_clade_translatorX_solved_dup_solved/final_aln/VFG015492.nogap.dedup/VFG015492.nogap.dedup.nt_ali.fasta,True,True,,11603,0,0.0,3387,1129,0,0.2022467235535967,2.4427878102140132e-06,0.20224916634140694,903,0.7998228520814881
VFG015500,/data2/B_Li/vfdb/workflow_clade_translatorX_solved_dup_solved/final_aln/VFG015500.nogap.dedup/VFG015500.nogap.dedup.nt_ali.fasta,True,True,,11546,0,0.0,3207,1069,0,0.4231133383252284,2.1065127378394664e-06,0.42311544483796626,644,0.6024321796071095
VFG015501,/data2/B_Li/vfdb/workflow_clade_translatorX_solved_dup_solved/final_aln/VFG015501.nogap.dedup/VFG015501.nogap.dedup.nt_ali.fasta,True,True,,11550,0,0.0,3291,1097,0,0.4378399176029076,2.0520348688078863e-06,0.4378419696377764,644,0.5870556061987238
VFG015515,/data2/B_Li/vfdb/workflow_clade_translatorX_solved_dup_solved/final_aln/VFG015515.nogap.dedup/VFG015515.nogap.dedup.nt_ali.fasta,True,True,,11524,0,0.0,4794,1598,0,0.6691813982160102,9.521041646846248e-05,0.6692766086324786,402,0.25156445556946183
VFG015516,/data2/B_Li/vfdb/workflow_clade_translatorX_solved_dup_solved/final_aln/VFG015516.nogap.dedup/VFG015516.nogap.dedup.nt_ali.fasta,True,True,,11466,0,0.0,3759,1253,0,0.5786372256558097,0.00012192379083269518,0.5787591494466423,435,0.34716679968076614
VFG015517,/data2/B_Li/vfdb/workflow_clade_translatorX_solved_dup_solved/final_aln/VFG015517.nogap.dedup/VFG015517.nogap.dedup.nt_ali.fasta,True,True,,11524,0,0.0,5505,1835,0,0.7119027509937796,8.291348529515151e-05,0.7119856644790747,390,0.2125340599455041
VFG015537,/data2/B_Li/vfdb/workflow_clade_translatorX_solved_dup_solved/final_aln/VFG015537.nogap.dedup/VFG015537.nogap.dedup.nt_ali.fasta,True,True,,11489,0,0.0,4992,1664,0,0.6816882641088131,9.169514987580093e-05,0.681779959258689,444,0.2668269230769231
VFG015538,/data2/B_Li/vfdb/workflow_clade_translatorX_solved_dup_solved/final_aln/VFG015538.nogap.dedup/VFG015538.nogap.dedup.nt_ali.fasta,True,True,,11524,0,0.0,5457,1819,0,0.7093790829531085,8.364279577603245e-05,0.7094627257488845,405,0.22264980758658603
VFG015547,/data2/B_Li/vfdb/workflow_clade_translatorX_solved_dup_solved/final_aln/VFG015547.nogap.dedup/VFG015547.nogap.dedup.nt_ali.fasta,True,True,,11426,0,0.0,1554,518,0,0.3533070278650534,8.447846711456023e-07,0.3533078726497246,335,0.6467181467181468
VFG015549,/data2/B_Li/vfdb/workflow_clade_translatorX_solved_dup_solved/final_aln/VFG015549.nogap.dedup/VFG015549.nogap.dedup.nt_ali.fasta,True,True,,11587,0,0.0,1746,582,0,0.30827473733005084,5.93152000835158e-07,0.3082753304820517,403,0.6924398625429553
VFG015550,/data2/B_Li/vfdb/workflow_clade_translatorX_solved_dup_solved/final_aln/VFG015550.nogap.dedup/VFG015550.nogap.dedup.nt_ali.fasta,True,True,,11589,0,0.0,1905,635,0,0.36606774140289156,1.2682856786313567e-06,0.3660690096885702,403,0.6346456692913386
VFG015551,/data2/B_Li/vfdb/workflow_clade_translatorX_solved_dup_solved/final_aln/VFG015551.nogap.dedup/VFG015551.nogap.dedup.nt_ali.fasta,True,True,,11490,0,0.0,2757,919,0,0.3353929376067186,3.4724491152041816e-07,0.33539328485163017,611,0.6648531011969532
VFG015552,/data2/B_Li/vfdb/workflow_clade_translatorX_solved_dup_solved/final_aln/VFG015552.nogap.dedup/VFG015552.nogap.dedup.nt_ali.fasta,True,True,,11490,0,0.0,2757,919,0,0.3353928429035609,3.4724491152041816e-07,0.33539319014847246,611,0.6648531011969532
VFG015555,/data2/B_Li/vfdb/workflow_clade_translatorX_solved_dup_solved/final_aln/VFG015555.nogap.dedup/VFG015555.nogap.dedup.nt_ali.fasta,True,True,,11572,0,0.0,1824,608,0,0.3111783263139702,1.8003226178131122e-06,0.311180126636588,419,0.6891447368421053
VFG015558,/data2/B_Li/vfdb/workflow_clade_translatorX_solved_dup_solved/final_aln/VFG015558.nogap.dedup/VFG015558.nogap.dedup.nt_ali.fasta,True,True,,11575,0,0.0,2103,701,0,0.28826206314336505,2.875661530529769e-07,0.2882623507095181,499,0.7118402282453637
VFG015561,/data2/B_Li/vfdb/workflow_clade_translatorX_solved_dup_solved/final_aln/VFG015561.nogap.dedup/VFG015561.nogap.dedup.nt_ali.fasta,True,True,,11566,0,0.0,2067,689,0,0.30344709369110756,7.529200120366813e-07,0.3034478466111196,480,0.6966618287373004
VFG015846,/data2/B_Li/vfdb/workflow_clade_translatorX_solved_dup_solved/final_aln/VFG015846.nogap.dedup/VFG015846.nogap.dedup.nt_ali.fasta,True,True,,11548,0,0.0,1986,662,0,0.3008260804502316,5.232331202379246e-07,0.30082660368335185,463,0.6993957703927492
VFG015848,/data2/B_Li/vfdb/workflow_clade_translatorX_solved_dup_solved/final_aln/VFG015848.nogap.dedup/VFG015848.nogap.dedup.nt_ali.fasta,True,True,,11548,0,0.0,1986,662,0,0.3008260804502316,5.232331202379246e-07,0.30082660368335185,463,0.6993957703927492
VFG015850,/data2/B_Li/vfdb/workflow_clade_translatorX_solved_dup_solved/final_aln/VFG015850.nogap.dedup/VFG015850.nogap.dedup.nt_ali.fasta,True,True,,11514,0,0.0,3201,1067,0,0.31501424694829766,5.155154690726805e-07,0.31501476246376675,731,0.6850984067478912
VFG015851,/data2/B_Li/vfdb/workflow_clade_translatorX_solved_dup_solved/final_aln/VFG015851.nogap.dedup/VFG015851.nogap.dedup.nt_ali.fasta,True,True,,11584,0,0.0,3201,1067,0,0.31501405163441676,5.124003030820825e-07,0.31501456403471984,731,0.6850984067478912
VFG015852,/data2/B_Li/vfdb/workflow_clade_translatorX_solved_dup_solved/final_aln/VFG015852.nogap.dedup/VFG015852.nogap.dedup.nt_ali.fasta,True,True,,11617,0,0.0,2727,909,0,0.23769213454013044,5.366236316610342e-07,0.2376926711637621,693,0.7623762376237624
VFG015853,/data2/B_Li/vfdb/workflow_clade_translatorX_solved_dup_solved/final_aln/VFG015853.nogap.dedup/VFG015853.nogap.dedup.nt_ali.fasta,True,True,,11617,0,0.0,2727,909,0,0.23769213454013044,5.366236316610342e-07,0.2376926711637621,693,0.7623762376237624
VFG015854,/data2/B_Li/vfdb/workflow_clade_translatorX_solved_dup_solved/final_aln/VFG015854.nogap.dedup/VFG015854.nogap.dedup.nt_ali.fasta,True,True,,11617,0,0.0,2727,909,0,0.23769213454013044,5.366236316610342e-07,0.2376926711637621,693,0.7623762376237624
VFG015856,/data2/B_Li/vfdb/workflow_clade_translatorX_solved_dup_solved/final_aln/VFG015856.nogap.dedup/VFG015856.nogap.dedup.nt_ali.fasta,True,True,,11100,0,0.0,1347,449,0,0.2673171612592548,5.350562143435195e-07,0.26731769631546914,329,0.732739420935412
VFG015858,/data2/B_Li/vfdb/workflow_clade_translatorX_solved_dup_solved/final_aln/VFG015858.nogap.dedup/VFG015858.nogap.dedup.nt_ali.fasta,True,True,,11048,0,0.0,1347,449,0,0.2673174275766084,5.37574581753536e-07,0.26731796515119016,329,0.732739420935412
VFG015862,/data2/B_Li/vfdb/workflow_clade_translatorX_solved_dup_solved/final_aln/VFG015862.nogap.dedup/VFG015862.nogap.dedup.nt_ali.fasta,True,True,,11355,0,0.0,3054,1018,0,0.3740231102160235,9.227707229072353e-07,0.3740240329867464,638,0.6267190569744597
VFG015920,/data2/B_Li/vfdb/workflow_clade_translatorX_solved_dup_solved/final_aln/VFG015920.nogap.dedup/VFG015920.nogap.dedup.nt_ali.fasta,True,True,,11332,0,0.0,2289,763,0,0.39128977011712274,1.5420825856160397e-06,0.39129131219970836,465,0.6094364351245085
VFG015922,/data2/B_Li/vfdb/workflow_clade_translatorX_solved_dup_solved/final_aln/VFG015922.nogap.dedup/VFG015922.nogap.dedup.nt_ali.fasta,True,True,,11332,0,0.0,2289,763,0,0.39128977011712274,1.5420825856160397e-06,0.39129131219970836,465,0.6094364351245085
VFG015926,/data2/B_Li/vfdb/workflow_clade_translatorX_solved_dup_solved/final_aln/VFG015926.nogap.dedup/VFG015926.nogap.dedup.nt_ali.fasta,True,True,,11330,0,0.0,2142,714,0,0.41515052622990944,1.6894077430913524e-06,0.41515221563765253,418,0.5854341736694678
VFG015928,/data2/B_Li/vfdb/workflow_clade_translatorX_solved_dup_solved/final_aln/VFG015928.nogap.dedup/VFG015928.nogap.dedup.nt_ali.fasta,True,True,,11330,0,0.0,2142,714,0,0.41515052622990944,1.6894077430913524e-06,0.41515221563765253,418,0.5854341736694678
VFG015950,/data2/B_Li/vfdb/workflow_clade_translatorX_solved_dup_solved/final_aln/VFG015950.nogap.dedup/VFG015950.nogap.dedup.nt_ali.fasta,True,True,,11485,0,0.0,3387,1129,0,0.3243908467662793,1.4395999762980146e-06,0.32439228636625556,763,0.6758193091231178
VFG015952,/data2/B_Li/vfdb/workflow_clade_translatorX_solved_dup_solved/final_aln/VFG015952.nogap.dedup/VFG015952.nogap.dedup.nt_ali.fasta,True,True,,11485,0,0.0,3387,1129,0,0.3243908467662793,1.4395999762980146e-06,0.32439228636625556,763,0.6758193091231178
VFG016046,/data2/B_Li/vfdb/workflow_clade_translatorX_solved_dup_solved/final_aln/VFG016046.nogap.dedup/VFG016046.nogap.dedup.nt_ali.fasta,True,True,,11503,0,0.0,2382,794,0,0.4082192116786531,1.4963423917522192e-06,0.4082207080210449,470,0.5919395465994962
VFG016048,/data2/B_Li/vfdb/workflow_clade_translatorX_solved_dup_solved/final_aln/VFG016048.nogap.dedup/VFG016048.nogap.dedup.nt_ali.fasta,True,True,,11526,0,0.0,2382,794,0,0.408218894878341,1.4933564577759653e-06,0.4082203882347988,470,0.5919395465994962
VFG016058,/data2/B_Li/vfdb/workflow_clade_translatorX_solved_dup_solved/final_aln/VFG016058.nogap.dedup/VFG016058.nogap.dedup.nt_ali.fasta,True,True,,11616,0,0.0,26121,8707,0,0.5056338453180858,1.4204660805619282e-06,0.5056352657841663,4343,0.49879407373377743
VFG016059,/data2/B_Li/vfdb/workflow_clade_translatorX_solved_dup_solved/final_aln/VFG016059.nogap.dedup/VFG016059.nogap.dedup.nt_ali.fasta,True,True,,11560,0,0.0,26001,8667,0,0.5009533337086184,1.4339347342110477e-06,0.5009547676433526,4343,0.501096111688012
VFG016060,/data2/B_Li/vfdb/workflow_clade_translatorX_solved_dup_solved/final_aln/VFG016060.nogap.dedup/VFG016060.nogap.dedup.nt_ali.fasta,True,True,,11616,0,0.0,25575,8525,0,0.4950796252312515,1.4507915734255377e-06,0.4950810760228249,4343,0.5094428152492668
VFG016107,/data2/B_Li/vfdb/workflow_clade_translatorX_solved_dup_solved/final_aln/VFG016107.nogap.dedup/VFG016107.nogap.dedup.nt_ali.fasta,True,True,,11559,0,0.0,3594,1198,0,0.5219667089408899,7.221425217592374e-07,0.5219674310834117,575,0.47996661101836396
VFG016111,/data2/B_Li/vfdb/workflow_clade_translatorX_solved_dup_solved/final_aln/VFG016111.nogap.dedup/VFG016111.nogap.dedup.nt_ali.fasta,True,True,,11546,0,0.0,3855,1285,0,0.5673587160409285,9.436117819367093e-07,0.5673596596527104,571,0.4443579766536965
VFG016115,/data2/B_Li/vfdb/workflow_clade_translatorX_solved_dup_solved/final_aln/VFG016115.nogap.dedup/VFG016115.nogap.dedup.nt_ali.fasta,True,True,,11553,0,0.0,1845,615,0,0.431392965189065,7.506350489801098e-07,0.431393715824114,350,0.5691056910569106
VFG016117,/data2/B_Li/vfdb/workflow_clade_translatorX_solved_dup_solved/final_aln/VFG016117.nogap.dedup/VFG016117.nogap.dedup.nt_ali.fasta,True,True,,11608,0,0.0,12384,4128,0,0.5701715503608845,6.956353722016537e-07,0.5701722459962567,1810,0.438468992248062
VFG016118,/data2/B_Li/vfdb/workflow_clade_translatorX_solved_dup_solved/final_aln/VFG016118.nogap.dedup/VFG016118.nogap.dedup.nt_ali.fasta,True,True,,11608,0,0.0,12903,4301,0,0.5874537976278816,6.609781418934997e-07,0.5874544586060235,1810,0.4208323645663799
VFG016122,/data2/B_Li/vfdb/workflow_clade_translatorX_solved_dup_solved/final_aln/VFG016122.nogap.dedup/VFG016122.nogap.dedup.nt_ali.fasta,True,True,,11577,0,0.0,8649,2883,0,0.5065594223191408,1.108564708015591e-06,0.5065605308838488,1439,0.49913284772806105
VFG016130,/data2/B_Li/vfdb/workflow_clade_translatorX_solved_dup_solved/final_aln/VFG016130.nogap.dedup/VFG016130.nogap.dedup.nt_ali.fasta,True,True,,11579,0,0.0,2574,858,0,0.36158226723042336,6.039387678562046e-07,0.3615828711691912,548,0.6386946386946387
VFG016146,/data2/B_Li/vfdb/workflow_clade_translatorX_solved_dup_solved/final_aln/VFG016146.nogap.dedup/VFG016146.nogap.dedup.nt_ali.fasta,True,True,,11574,0,0.0,2229,743,0,0.35822087888549564,8.140025178260737e-07,0.3582216928880135,477,0.6419919246298789
VFG016153,/data2/B_Li/vfdb/workflow_clade_translatorX_solved_dup_solved/final_aln/VFG016153.nogap.dedup/VFG016153.nogap.dedup.nt_ali.fasta,True,True,,11560,0,0.0,3261,1087,0,0.3374202194541976,3.183263672913291e-07,0.33742053778056486,721,0.6632934682612696
VFG019737,/data2/B_Li/vfdb/workflow_clade_translatorX_solved_dup_solved/final_aln/VFG019737.nogap.dedup/VFG019737.nogap.dedup.nt_ali.fasta,True,True,,11613,0,0.0,1581,527,0,0.32664744133668167,5.991235476087808e-07,0.32664804046022927,355,0.6736242884250474
VFG019744,/data2/B_Li/vfdb/workflow_clade_translatorX_solved_dup_solved/final_aln/VFG019744.nogap.dedup/VFG019744.nogap.dedup.nt_ali.fasta,True,True,,11612,11609,0.9997416465725112,1092,364,0,0.05229125421598725,1.5772492520684048e-07,0.052291411940912455,345,0.9478021978021978
VFG019758,/data2/B_Li/vfdb/workflow_clade_translatorX_solved_dup_solved/final_aln/VFG019758.nogap.dedup/VFG019758.nogap.dedup.nt_ali.fasta,True,True,,11519,0,0.0,4911,1637,0,0.4382721002292937,6.187045814490906e-07,0.43827271893387515,920,0.5620036652412951
VFG019759,/data2/B_Li/vfdb/workflow_clade_translatorX_solved_dup_solved/final_aln/VFG019759.nogap.dedup/VFG019759.nogap.dedup.nt_ali.fasta,True,True,,11576,0,0.0,2079,693,0,0.3573267226515326,5.817213833799874e-07,0.357327304372916,446,0.6435786435786436
VFG019761,/data2/B_Li/vfdb/workflow_clade_translatorX_solved_dup_solved/final_aln/VFG019761.nogap.dedup/VFG019761.nogap.dedup.nt_ali.fasta,True,True,,11577,0,0.0,2457,819,0,0.3520278249482707,2.812475819299694e-07,0.3520281061958526,531,0.6483516483516484
VFG019768,/data2/B_Li/vfdb/workflow_clade_translatorX_solved_dup_solved/final_aln/VFG019768.nogap.dedup/VFG019768.nogap.dedup.nt_ali.fasta,True,True,,11613,0,0.0,3561,1187,0,0.42547334056312425,1.6927064158143468e-07,0.4254735098337658,683,0.5754001684919966
VFG019771,/data2/B_Li/vfdb/workflow_clade_translatorX_solved_dup_solved/final_aln/VFG019771.nogap.dedup/VFG019771.nogap.dedup.nt_ali.fasta,True,True,,11575,0,0.0,14253,4751,0,0.4818602608613033,3.5156101424746473e-07,0.48186061242231754,2471,0.5201010313618185
VFG019773,/data2/B_Li/vfdb/workflow_clade_translatorX_solved_dup_solved/final_aln/VFG019773.nogap.dedup/VFG019773.nogap.dedup.nt_ali.fasta,True,True,,11550,0,0.0,1335,445,0,0.2270312758402646,2.594159897530684e-07,0.22703153525625436,344,0.7730337078651686
VFG019790,/data2/B_Li/vfdb/workflow_clade_translatorX_solved_dup_solved/final_aln/VFG019790.nogap.dedup/VFG019790.nogap.dedup.nt_ali.fasta,True,True,,11315,0,0.0,3189,1063,0,0.38424314580043223,6.92836774445741e-07,0.3842438386372067,639,0.6011288805268109
VFG019797,/data2/B_Li/vfdb/workflow_clade_translatorX_solved_dup_solved/final_aln/VFG019797.nogap.dedup/VFG019797.nogap.dedup.nt_ali.fasta,True,True,,11436,0,0.0,1950,650,0,0.28777127559394083,5.381117658137595e-07,0.28777181370570665,463,0.7123076923076923
VFG019805,/data2/B_Li/vfdb/workflow_clade_translatorX_solved_dup_solved/final_aln/VFG019805.nogap.dedup/VFG019805.nogap.dedup.nt_ali.fasta,True,True,,11614,11610,0.9996555880833476,1383,461,0,0.19747428770796857,4.980649553901897e-07,0.19747478577292396,370,0.8026030368763557
VFG019807,/data2/B_Li/vfdb/workflow_clade_translatorX_solved_dup_solved/final_aln/VFG019807.nogap.dedup/VFG019807.nogap.dedup.nt_ali.fasta,True,True,,11577,0,0.0,1692,564,0,0.2891103171671393,5.105092411361812e-07,0.28911082767638047,401,0.7109929078014184
VFG019823,/data2/B_Li/vfdb/workflow_clade_translatorX_solved_dup_solved/final_aln/VFG019823.nogap.dedup/VFG019823.nogap.dedup.nt_ali.fasta,True,True,,11575,0,0.0,2175,725,0,0.3232296715573099,9.930240063553537e-07,0.3232306645813163,491,0.6772413793103448
VFG019825,/data2/B_Li/vfdb/workflow_clade_translatorX_solved_dup_solved/final_aln/VFG019825.nogap.dedup/VFG019825.nogap.dedup.nt_ali.fasta,True,True,,11575,0,0.0,1848,616,0,0.3460379792993184,7.947416154759568e-07,0.34603877404093386,403,0.6542207792207793
VFG019827,/data2/B_Li/vfdb/workflow_clade_translatorX_solved_dup_solved/final_aln/VFG019827.nogap.dedup/VFG019827.nogap.dedup.nt_ali.fasta,True,True,,11575,0,0.0,2163,721,0,0.3433099576721796,1.4378877429056716e-06,0.3433113955599225,474,0.6574202496532594
VFG019831,/data2/B_Li/vfdb/workflow_clade_translatorX_solved_dup_solved/final_aln/VFG019831.nogap.dedup/VFG019831.nogap.dedup.nt_ali.fasta,True,True,,11616,0,0.0,2778,926,0,0.35331982325711464,5.887958715368886e-07,0.3533204120529862,599,0.6468682505399568
VFG019833,/data2/B_Li/vfdb/workflow_clade_translatorX_solved_dup_solved/final_aln/VFG019833.nogap.dedup/VFG019833.nogap.dedup.nt_ali.fasta,True,True,,11573,0,0.0,1281,427,0,0.2060908142205339,5.396285318603094e-07,0.20609135384906577,339,0.7939110070257611
VFG019837,/data2/B_Li/vfdb/workflow_clade_translatorX_solved_dup_solved/final_aln/VFG019837.nogap.dedup/VFG019837.nogap.dedup.nt_ali.fasta,True,True,,11578,0,0.0,1929,643,0,0.2972155589769518,1.4775703477958814e-06,0.2972170365472996,452,0.702954898911353
VFG019841,/data2/B_Li/vfdb/workflow_clade_translatorX_solved_dup_solved/final_aln/VFG019841.nogap.dedup/VFG019841.nogap.dedup.nt_ali.fasta,True,True,,11570,0,0.0,1692,564,0,0.24122118219655872,8.17308969352957e-07,0.24122199950552808,428,0.7588652482269503
VFG019859,/data2/B_Li/vfdb/workflow_clade_translatorX_solved_dup_solved/final_aln/VFG019859.nogap.dedup/VFG019859.nogap.dedup.nt_ali.fasta,True,True,,11612,0,0.0,3150,1050,0,0.32638830110066763,7.928306240397181e-07,0.3263890939312917,708,0.6742857142857143
VFG019861,/data2/B_Li/vfdb/workflow_clade_translatorX_solved_dup_solved/final_aln/VFG019861.nogap.dedup/VFG019861.nogap.dedup.nt_ali.fasta,True,True,,11562,0,0.0,1638,546,0,0.21267709111507763,1.584070084329555e-06,0.21267867518516195,430,0.7875457875457875
VFG019873,/data2/B_Li/vfdb/workflow_clade_translatorX_solved_dup_solved/final_aln/VFG019873.nogap.dedup/VFG019873.nogap.dedup.nt_ali.fasta,True,True,,11552,0,0.0,1431,477,0,0.2709220761685744,7.864054929334813e-07,0.27092286257406734,348,0.7295597484276729
VFG019885,/data2/B_Li/vfdb/workflow_clade_translatorX_solved_dup_solved/final_aln/VFG019885.nogap.dedup/VFG019885.nogap.dedup.nt_ali.fasta,True,True,,11617,0,0.0,1911,637,0,0.22298980179672268,4.954935536964337e-07,0.22299029729027636,495,0.7770800627943485
VFG019887,/data2/B_Li/vfdb/workflow_clade_translatorX_solved_dup_solved/final_aln/VFG019887.nogap.dedup/VFG019887.nogap.dedup.nt_ali.fasta,True,True,,11617,0,0.0,1890,630,0,0.3809799814448175,4.554536705694492e-07,0.38098043689848804,390,0.6190476190476191
VFG019889,/data2/B_Li/vfdb/workflow_clade_translatorX_solved_dup_solved/final_aln/VFG019889.nogap.dedup/VFG019889.nogap.dedup.nt_ali.fasta,True,True,,11617,0,0.0,2112,704,0,0.32396157766439465,5.706109906850202e-07,0.32396214827538533,476,0.6761363636363636
VFG019891,/data2/B_Li/vfdb/workflow_clade_translatorX_solved_dup_solved/final_aln/VFG019891.nogap.dedup/VFG019891.nogap.dedup.nt_ali.fasta,True,True,,11617,11612,0.9995695962813119,1830,610,0,0.19513305119546398,5.644638933614813e-07,0.19513361565935733,491,0.8049180327868852
VFG019893,/data2/B_Li/vfdb/workflow_clade_translatorX_solved_dup_solved/final_aln/VFG019893.nogap.dedup/VFG019893.nogap.dedup.nt_ali.fasta,True,True,,11617,0,0.0,2376,792,0,0.3134560723008687,1.4854000392435445e-06,0.31345755770090794,544,0.6868686868686869
VFG019895,/data2/B_Li/vfdb/workflow_clade_translatorX_solved_dup_solved/final_aln/VFG019895.nogap.dedup/VFG019895.nogap.dedup.nt_ali.fasta,True,True,,11617,0,0.0,2073,691,0,0.3126268242795534,6.643955136526842e-07,0.31262748867506707,475,0.6874095513748191
VFG019897,/data2/B_Li/vfdb/workflow_clade_translatorX_solved_dup_solved/final_aln/VFG019897.nogap.dedup/VFG019897.nogap.dedup.nt_ali.fasta,True,True,,11617,0,0.0,1533,511,0,0.2798607951401271,8.98429158383571e-07,0.27986169356928553,368,0.7201565557729941
VFG019899,/data2/B_Li/vfdb/workflow_clade_translatorX_solved_dup_solved/final_aln/VFG019899.nogap.dedup/VFG019899.nogap.dedup.nt_ali.fasta,True,True,,11617,0,0.0,2022,674,0,0.2274724522462604,6.385811849972248e-07,0.22747309082744538,521,0.7729970326409495
VFG019901,/data2/B_Li/vfdb/workflow_clade_translatorX_solved_dup_solved/final_aln/VFG019901.nogap.dedup/VFG019901.nogap.dedup.nt_ali.fasta,True,True,,11616,0,0.0,1827,609,0,0.3566803276834625,1.0366389676734504e-06,0.35668136432243014,392,0.6436781609195402
VFG019905,/data2/B_Li/vfdb/workflow_clade_translatorX_solved_dup_solved/final_aln/VFG019905.nogap.dedup/VFG019905.nogap.dedup.nt_ali.fasta,True,True,,11617,11545,0.9938021864508909,1806,602,0,0.1996537037455419,9.056113682253001e-07,0.19965460935691012,482,0.8006644518272426
VFG019907,/data2/B_Li/vfdb/workflow_clade_translatorX_solved_dup_solved/final_aln/VFG019907.nogap.dedup/VFG019907.nogap.dedup.nt_ali.fasta,True,True,,11579,0,0.0,3888,1296,0,0.3300851824130317,4.4425536935924517e-07,0.3300856266684011,869,0.6705246913580247
VFG019916,/data2/B_Li/vfdb/workflow_clade_translatorX_solved_dup_solved/final_aln/VFG019916.nogap.dedup/VFG019916.nogap.dedup.nt_ali.fasta,True,True,,11615,0,0.0,1965,655,0,0.27491168632296353,5.695889867778679e-07,0.2749122559119503,475,0.7251908396946565
VFG019921,/data2/B_Li/vfdb/workflow_clade_translatorX_solved_dup_solved/final_aln/VFG019921.nogap.dedup/VFG019921.nogap.dedup.nt_ali.fasta,True,True,,11578,0,0.0,1743,581,0,0.32911236783870174,6.937405868074127e-07,0.32911306157928855,390,0.6712564543889845
VFG019924,/data2/B_Li/vfdb/workflow_clade_translatorX_solved_dup_solved/final_aln/VFG019924.nogap.dedup/VFG019924.nogap.dedup.nt_ali.fasta,True,True,,11617,0,0.0,2010,670,0,0.3271303378091037,9.421772946406814e-07,0.32713127998639835,451,0.673134328358209
VFG019932,/data2/B_Li/vfdb/workflow_clade_translatorX_solved_dup_solved/final_aln/VFG019932.nogap.dedup/VFG019932.nogap.dedup.nt_ali.fasta,True,True,,11505,0,0.0,1701,567,0,0.24788501586994996,7.664791092286385e-07,0.2478857823490592,427,0.7530864197530864
VFG019941,/data2/B_Li/vfdb/workflow_clade_translatorX_solved_dup_solved/final_aln/VFG019941.nogap.dedup/VFG019941.nogap.dedup.nt_ali.fasta,True,True,,11574,0,0.0,4932,1644,0,0.4383312899917888,5.43069169073339e-07,0.43833183306095785,926,0.5632603406326034
VFG019945,/data2/B_Li/vfdb/workflow_clade_translatorX_solved_dup_solved/final_aln/VFG019945.nogap.dedup/VFG019945.nogap.dedup.nt_ali.fasta,True,True,,11542,0,0.0,1341,447,0,0.2170218135342298,1.0337371756827285e-06,0.2170228472714055,350,0.7829977628635347
VFG019951,/data2/B_Li/vfdb/workflow_clade_translatorX_solved_dup_solved/final_aln/VFG019951.nogap.dedup/VFG019951.nogap.dedup.nt_ali.fasta,True,True,,11537,0,0.0,2031,677,0,0.35230711695170214,2.6459941121509726e-06,0.3523097629458143,441,0.6514032496307238
VFG019957,/data2/B_Li/vfdb/workflow_clade_translatorX_solved_dup_solved/final_aln/VFG019957.nogap.dedup/VFG019957.nogap.dedup.nt_ali.fasta,True,True,,11535,0,0.0,3048,1016,0,0.30434282515725847,8.53274355009915e-07,0.3043436784316135,707,0.6958661417322834
VFG019961,/data2/B_Li/vfdb/workflow_clade_translatorX_solved_dup_solved/final_aln/VFG019961.nogap.dedup/VFG019961.nogap.dedup.nt_ali.fasta,True,True,,11534,0,0.0,1479,493,0,0.2075208634424513,1.406899646903361e-06,0.2075222703420982,391,0.7931034482758621
VFG019968,/data2/B_Li/vfdb/workflow_clade_translatorX_solved_dup_solved/final_aln/VFG019968.nogap.dedup/VFG019968.nogap.dedup.nt_ali.fasta,True,True,,11521,0,0.0,2454,818,0,0.26536468220358317,1.3794306516706284e-06,0.2653660616342348,601,0.7347188264058679
VFG019969,/data2/B_Li/vfdb/workflow_clade_translatorX_solved_dup_solved/final_aln/VFG019969.nogap.dedup/VFG019969.nogap.dedup.nt_ali.fasta,True,True,,11522,0,0.0,1866,622,0,0.30462875159557756,1.7209260703183415e-06,0.3046304725216479,433,0.6961414790996785
VFG019979,/data2/B_Li/vfdb/workflow_clade_translatorX_solved_dup_solved/final_aln/VFG019979.nogap.dedup/VFG019979.nogap.dedup.nt_ali.fasta,True,True,,11530,0,0.0,1971,657,0,0.30311819738330686,4.4003180549890144e-07,0.30311863741511236,458,0.6971080669710806
VFG019981,/data2/B_Li/vfdb/workflow_clade_translatorX_solved_dup_solved/final_aln/VFG019981.nogap.dedup/VFG019981.nogap.dedup.nt_ali.fasta,True,True,,11581,0,0.0,2484,828,0,0.31125047814865847,4.171416867624674e-07,0.3112508952903452,571,0.6896135265700483
VFG019983,/data2/B_Li/vfdb/workflow_clade_translatorX_solved_dup_solved/final_aln/VFG019983.nogap.dedup/VFG019983.nogap.dedup.nt_ali.fasta,True,True,,11579,0,0.0,1902,634,0,0.369471764804281,1.271383189535354e-06,0.36947303618747057,400,0.6309148264984227
VFG019987,/data2/B_Li/vfdb/workflow_clade_translatorX_solved_dup_solved/final_aln/VFG019987.nogap.dedup/VFG019987.nogap.dedup.nt_ali.fasta,True,True,,11586,0,0.0,5934,1978,0,0.49877436542167536,8.145297681830826e-07,0.49877517995144355,1033,0.5222446916076845
VFG019993,/data2/B_Li/vfdb/workflow_clade_translatorX_solved_dup_solved/final_aln/VFG019993.nogap.dedup/VFG019993.nogap.dedup.nt_ali.fasta,True,True,,11588,0,0.0,4644,1548,0,0.23949110012228636,5.017219095937257e-07,0.23949160184419596,1177,0.7603359173126615
VFG019995,/data2/B_Li/vfdb/workflow_clade_translatorX_solved_dup_solved/final_aln/VFG019995.nogap.dedup/VFG019995.nogap.dedup.nt_ali.fasta,True,True,,11588,0,0.0,1956,652,0,0.3102903151345479,7.941365194796394e-07,0.3102911092710674,450,0.6901840490797546
VFG019997,/data2/B_Li/vfdb/workflow_clade_translatorX_solved_dup_solved/final_aln/VFG019997.nogap.dedup/VFG019997.nogap.dedup.nt_ali.fasta,True,True,,11584,0,0.0,1887,629,0,0.2926431062196418,7.319636828899098e-07,0.2926438381833247,445,0.7074721780604134
VFG020001,/data2/B_Li/vfdb/workflow_clade_translatorX_solved_dup_solved/final_aln/VFG020001.nogap.dedup/VFG020001.nogap.dedup.nt_ali.fasta,True,True,,11065,0,0.0,4533,1511,0,0.7159325961177005,2.113336860213433e-06,0.7159347094545607,280,0.18530774321641297
VFG020003,/data2/B_Li/vfdb/workflow_clade_translatorX_solved_dup_solved/final_aln/VFG020003.nogap.dedup/VFG020003.nogap.dedup.nt_ali.fasta,True,True,,11521,0,0.0,1872,624,0,0.44802356454990777,3.7093171369709866e-07,0.44802393548162145,345,0.5528846153846154
VFG020007,/data2/B_Li/vfdb/workflow_clade_translatorX_solved_dup_solved/final_aln/VFG020007.nogap.dedup/VFG020007.nogap.dedup.nt_ali.fasta,True,True,,11588,0,0.0,2052,684,0,0.27110975863314946,1.471913204558591e-06,0.271111230546354,499,0.72953216374269
VFG020014,/data2/B_Li/vfdb/workflow_clade_translatorX_solved_dup_solved/final_aln/VFG020014.nogap.dedup/VFG020014.nogap.dedup.nt_ali.fasta,True,True,,11603,0,0.0,2481,827,0,0.2510292911988216,6.252813114566856e-07,0.25102991648013306,620,0.7496977025392987
VFG020016,/data2/B_Li/vfdb/workflow_clade_translatorX_solved_dup_solved/final_aln/VFG020016.nogap.dedup/VFG020016.nogap.dedup.nt_ali.fasta,True,True,,11602,0,0.0,1641,547,0,0.36228718682115896,6.82813203002151e-07,0.36228786963436194,349,0.6380255941499086
VFG020018,/data2/B_Li/vfdb/workflow_clade_translatorX_solved_dup_solved/final_aln/VFG020018.nogap.dedup/VFG020018.nogap.dedup.nt_ali.fasta,True,True,,11603,0,0.0,3387,1129,0,0.20224664721647764,2.4427878102140132e-06,0.20224909000428787,903,0.7998228520814881
VFG020020,/data2/B_Li/vfdb/workflow_clade_translatorX_solved_dup_solved/final_aln/VFG020020.nogap.dedup/VFG020020.nogap.dedup.nt_ali.fasta,True,True,,11550,0,0.0,3267,1089,0,0.43370247138842183,2.067109505126034e-06,0.43370453849792695,644,0.5913682277318641
VFG020026,/data2/B_Li/vfdb/workflow_clade_translatorX_solved_dup_solved/final_aln/VFG020026.nogap.dedup/VFG020026.nogap.dedup.nt_ali.fasta,True,True,,11524,0,0.0,5226,1742,0,0.6965251672643644,8.733998020470897e-05,0.6966125072445691,409,0.23478760045924224
VFG020036,/data2/B_Li/vfdb/workflow_clade_translatorX_solved_dup_solved/final_aln/VFG020036.nogap.dedup/VFG020036.nogap.dedup.nt_ali.fasta,True,True,,11506,0,0.0,1554,518,0,0.35330685282884133,8.38910972754185e-07,0.3533076917398141,335,0.6467181467181468
VFG020037,/data2/B_Li/vfdb/workflow_clade_translatorX_solved_dup_solved/final_aln/VFG020037.nogap.dedup/VFG020037.nogap.dedup.nt_ali.fasta,True,True,,11589,0,0.0,1833,611,0,0.3411672477385929,1.3181037740276783e-06,0.34116856584236693,403,0.6595744680851063
VFG020038,/data2/B_Li/vfdb/workflow_clade_translatorX_solved_dup_solved/final_aln/VFG020038.nogap.dedup/VFG020038.nogap.dedup.nt_ali.fasta,True,True,,11490,0,0.0,2757,919,0,0.3353929376067186,3.4724491152041816e-07,0.33539328485163017,611,0.6648531011969532
VFG020039,/data2/B_Li/vfdb/workflow_clade_translatorX_solved_dup_solved/final_aln/VFG020039.nogap.dedup/VFG020039.nogap.dedup.nt_ali.fasta,True,True,,11571,0,0.0,1824,608,0,0.31117835423404244,1.8004782070117824e-06,0.31118015471224947,419,0.6891447368421053
VFG020040,/data2/B_Li/vfdb/workflow_clade_translatorX_solved_dup_solved/final_aln/VFG020040.nogap.dedup/VFG020040.nogap.dedup.nt_ali.fasta,True,True,,11575,0,0.0,2103,701,0,0.28826206314336505,2.875661530529769e-07,0.2882623507095181,499,0.7118402282453637
VFG020041,/data2/B_Li/vfdb/workflow_clade_translatorX_solved_dup_solved/final_aln/VFG020041.nogap.dedup/VFG020041.nogap.dedup.nt_ali.fasta,True,True,,11566,0,0.0,2067,689,0,0.30344709369110756,7.529200120366813e-07,0.3034478466111196,480,0.6966618287373004
VFG020043,/data2/B_Li/vfdb/workflow_clade_translatorX_solved_dup_solved/final_aln/VFG020043.nogap.dedup/VFG020043.nogap.dedup.nt_ali.fasta,True,True,,11548,0,0.0,1986,662,0,0.3008260804502316,5.232331202379246e-07,0.30082660368335185,463,0.6993957703927492
VFG020044,/data2/B_Li/vfdb/workflow_clade_translatorX_solved_dup_solved/final_aln/VFG020044.nogap.dedup/VFG020044.nogap.dedup.nt_ali.fasta,True,True,,11584,0,0.0,3201,1067,0,0.31501405163441676,5.124003030820825e-07,0.31501456403471984,731,0.6850984067478912
VFG020045,/data2/B_Li/vfdb/workflow_clade_translatorX_solved_dup_solved/final_aln/VFG020045.nogap.dedup/VFG020045.nogap.dedup.nt_ali.fasta,True,True,,11617,0,0.0,2727,909,0,0.23769213454013044,5.366236316610342e-07,0.2376926711637621,693,0.7623762376237624
VFG020047,/data2/B_Li/vfdb/workflow_clade_translatorX_solved_dup_solved/final_aln/VFG020047.nogap.dedup/VFG020047.nogap.dedup.nt_ali.fasta,True,True,,11355,0,0.0,3045,1015,0,0.3714749909438562,9.254981240586852e-07,0.3714759164419803,639,0.6295566502463055
VFG020049,/data2/B_Li/vfdb/workflow_clade_translatorX_solved_dup_solved/final_aln/VFG020049.nogap.dedup/VFG020049.nogap.dedup.nt_ali.fasta,True,True,,11332,0,0.0,2289,763,0,0.39128977011712274,1.5420825856160397e-06,0.39129131219970836,465,0.6094364351245085
VFG020051,/data2/B_Li/vfdb/workflow_clade_translatorX_solved_dup_solved/final_aln/VFG020051.nogap.dedup/VFG020051.nogap.dedup.nt_ali.fasta,True,True,,11485,0,0.0,3387,1129,0,0.3243908467662793,1.4395999762980146e-06,0.32439228636625556,763,0.6758193091231178
VFG020072,/data2/B_Li/vfdb/workflow_clade_translatorX_solved_dup_solved/final_aln/VFG020072.nogap.dedup/VFG020072.nogap.dedup.nt_ali.fasta,True,True,,11503,0,0.0,2382,794,0,0.4082192116786531,1.4963423917522192e-06,0.4082207080210449,470,0.5919395465994962
VFG020074,/data2/B_Li/vfdb/workflow_clade_translatorX_solved_dup_solved/final_aln/VFG020074.nogap.dedup/VFG020074.nogap.dedup.nt_ali.fasta,True,True,,11616,0,0.0,25605,8535,0,0.49567175792111884,1.4490917590454258e-06,0.49567320701287787,4343,0.5088459285295841
VFG020086,/data2/B_Li/vfdb/workflow_clade_translatorX_solved_dup_solved/final_aln/VFG020086.nogap.dedup/VFG020086.nogap.dedup.nt_ali.fasta,True,True,,11559,0,0.0,3594,1198,0,0.5219667089408899,7.221425217592374e-07,0.5219674310834117,575,0.47996661101836396
VFG020087,/data2/B_Li/vfdb/workflow_clade_translatorX_solved_dup_solved/final_aln/VFG020087.nogap.dedup/VFG020087.nogap.dedup.nt_ali.fasta,True,True,,11546,0,0.0,3750,1250,0,0.5552248744153819,9.70032911830937e-07,0.5552258444482938,571,0.4568
VFG020088,/data2/B_Li/vfdb/workflow_clade_translatorX_solved_dup_solved/final_aln/VFG020088.nogap.dedup/VFG020088.nogap.dedup.nt_ali.fasta,True,True,,11554,0,0.0,1845,615,0,0.4313929220303108,7.505700814321627e-07,0.43139367260039224,350,0.5691056910569106
VFG020089,/data2/B_Li/vfdb/workflow_clade_translatorX_solved_dup_solved/final_aln/VFG020089.nogap.dedup/VFG020089.nogap.dedup.nt_ali.fasta,True,True,,11608,0,0.0,13614,4538,0,0.6089979054277547,6.327859886400235e-07,0.6089985382137433,1810,0.3988541207580432
VFG020090,/data2/B_Li/vfdb/workflow_clade_translatorX_solved_dup_solved/final_aln/VFG020090.nogap.dedup/VFG020090.nogap.dedup.nt_ali.fasta,True,True,,11577,0,0.0,8457,2819,0,0.4953556646165412,1.133732548140812e-06,0.4953567983490893,1439,0.5104647037956722
VFG020092,/data2/B_Li/vfdb/workflow_clade_translatorX_solved_dup_solved/final_aln/VFG020092.nogap.dedup/VFG020092.nogap.dedup.nt_ali.fasta,True,True,,11579,0,0.0,2547,849,0,0.35482109838787596,6.103409456073304e-07,0.35482170872882157,548,0.6454652532391049
VFG020095,/data2/B_Li/vfdb/workflow_clade_translatorX_solved_dup_solved/final_aln/VFG020095.nogap.dedup/VFG020095.nogap.dedup.nt_ali.fasta,True,True,,11574,0,0.0,2241,747,0,0.3616553651967469,8.096437359367774e-07,0.36165617484048285,477,0.6385542168674698
VFG020096,/data2/B_Li/vfdb/workflow_clade_translatorX_solved_dup_solved/final_aln/VFG020096.nogap.dedup/VFG020096.nogap.dedup.nt_ali.fasta,True,True,,11560,0,0.0,3192,1064,0,0.3230977801337253,3.2520748237375446e-07,0.3230981053412077,721,0.6776315789473685
VFG041012,/data2/B_Li/vfdb/workflow_clade_translatorX_solved_dup_solved/final_aln/VFG041012.nogap.dedup/VFG041012.nogap.dedup.nt_ali.fasta,True,True,,11510,0,0.0,7779,2593,0,0.7575204981131115,8.35303763423747e-05,0.7576040284894539,155,0.05977632086386425
VFG041014,/data2/B_Li/vfdb/workflow_clade_translatorX_solved_dup_solved/final_aln/VFG041014.nogap.dedup/VFG041014.nogap.dedup.nt_ali.fasta,True,True,,11564,0,0.0,2025,675,0,0.23117375763864867,1.1102997382254847e-06,0.2311748679383869,519,0.7688888888888888
VFG041016,/data2/B_Li/vfdb/workflow_clade_translatorX_solved_dup_solved/final_aln/VFG041016.nogap.dedup/VFG041016.nogap.dedup.nt_ali.fasta,True,True,,11560,0,0.0,1884,628,0,0.21668034954708748,1.0101455344220866e-06,0.2166813596926219,492,0.7834394904458599
VFG041018,/data2/B_Li/vfdb/workflow_clade_translatorX_solved_dup_solved/final_aln/VFG041018.nogap.dedup/VFG041018.nogap.dedup.nt_ali.fasta,True,True,,11563,0,0.0,2415,805,0,0.34544603879476354,7.878345454346868e-07,0.345446826629309,527,0.6546583850931676
VFG041019,/data2/B_Li/vfdb/workflow_clade_translatorX_solved_dup_solved/final_aln/VFG041019.nogap.dedup/VFG041019.nogap.dedup.nt_ali.fasta,True,True,,11185,0,0.0,1500,500,0,0.3281761287438534,7.748472656832067e-07,0.32817690359111906,336,0.672
VFG041020,/data2/B_Li/vfdb/workflow_clade_translatorX_solved_dup_solved/final_aln/VFG041020.nogap.dedup/VFG041020.nogap.dedup.nt_ali.fasta,True,True,,11560,0,0.0,4293,1431,0,0.38712499304815035,1.1485664681460202e-06,0.3871261416146185,878,0.6135569531795947
VFG041025,/data2/B_Li/vfdb/workflow_clade_translatorX_solved_dup_solved/final_aln/VFG041025.nogap.dedup/VFG041025.nogap.dedup.nt_ali.fasta,True,True,,11601,0,0.0,1872,624,0,0.2886440216250146,8.748877380891863e-07,0.2886448965127527,444,0.7115384615384616
VFG041027,/data2/B_Li/vfdb/workflow_clade_translatorX_solved_dup_solved/final_aln/VFG041027.nogap.dedup/VFG041027.nogap.dedup.nt_ali.fasta,True,True,,11601,0,0.0,5319,1773,0,0.33764102157208475,1.0533869640186835e-06,0.3376420749590488,1176,0.6632825719120136
VFG041032,/data2/B_Li/vfdb/workflow_clade_translatorX_solved_dup_solved/final_aln/VFG041032.nogap.dedup/VFG041032.nogap.dedup.nt_ali.fasta,True,True,,11496,0,0.0,1830,610,0,0.3998601081488073,1.9013503390107654e-06,0.3998620094991463,366,0.6
VFG041033,/data2/B_Li/vfdb/workflow_clade_translatorX_solved_dup_solved/final_aln/VFG041033.nogap.dedup/VFG041033.nogap.dedup.nt_ali.fasta,True,True,,11509,0,0.0,5919,1973,0,0.35566929109931683,1.291804348421887e-06,0.35567058290366527,1272,0.644703497212367
VFG041035,/data2/B_Li/vfdb/workflow_clade_translatorX_solved_dup_solved/final_aln/VFG041035.nogap.dedup/VFG041035.nogap.dedup.nt_ali.fasta,True,True,,11505,0,0.0,1884,628,0,0.2937703629272236,1.7992730936701572e-06,0.29377216220031727,444,0.7070063694267515
VFG041038,/data2/B_Li/vfdb/workflow_clade_translatorX_solved_dup_solved/final_aln/VFG041038.nogap.dedup/VFG041038.nogap.dedup.nt_ali.fasta,True,True,,11507,0,0.0,2193,731,0,0.323002937485147,1.1492043285692474e-06,0.3230040866894756,495,0.6771545827633378
VFG041041,/data2/B_Li/vfdb/workflow_clade_translatorX_solved_dup_solved/final_aln/VFG041041.nogap.dedup/VFG041041.nogap.dedup.nt_ali.fasta,True,True,,11492,0,0.0,2898,966,0,0.3814092655328146,1.2911433332444545e-06,0.38141055667614787,598,0.6190476190476191
VFG041042,/data2/B_Li/vfdb/workflow_clade_translatorX_solved_dup_solved/final_aln/VFG041042.nogap.dedup/VFG041042.nogap.dedup.nt_ali.fasta,True,True,,11364,0,0.0,1332,444,0,0.23783280376469396,2.5764941287644562e-06,0.23783538025882273,339,0.7635135135135135
VFG041043,/data2/B_Li/vfdb/workflow_clade_translatorX_solved_dup_solved/final_aln/VFG041043.nogap.dedup/VFG041043.nogap.dedup.nt_ali.fasta,True,True,,11521,0,0.0,4200,1400,0,0.39463036442769106,1.3846350969864553e-06,0.39463174906278803,846,0.6042857142857143
VFG041047,/data2/B_Li/vfdb/workflow_clade_translatorX_solved_dup_solved/final_aln/VFG041047.nogap.dedup/VFG041047.nogap.dedup.nt_ali.fasta,True,True,,11617,1,8.608074373762589e-05,1563,521,0,0.21522515566818567,4.956664706581145e-07,0.21522565133465632,409,0.7850287907869482
VFG051484,/data2/B_Li/vfdb/workflow_clade_translatorX_solved_dup_solved/final_aln/VFG051484.nogap.dedup/VFG051484.nogap.dedup.nt_ali.fasta,True,True,,11570,0,0.0,6792,2264,0,0.41885786623746685,1.1580047908312489e-06,0.4188590242422577,1318,0.5821554770318021
VFG051485,/data2/B_Li/vfdb/workflow_clade_translatorX_solved_dup_solved/final_aln/VFG051485.nogap.dedup/VFG051485.nogap.dedup.nt_ali.fasta,True,True,,11231,0,0.0,1998,666,0,0.42787204442444404,4.902061709113619e-07,0.427872534630615,249,0.3738738738738739
VFG051487,/data2/B_Li/vfdb/workflow_clade_translatorX_solved_dup_solved/final_aln/VFG051487.nogap.dedup/VFG051487.nogap.dedup.nt_ali.fasta,True,True,,11512,0,0.0,13533,4511,0,0.8573302747403497,4.8012766979869095e-05,0.8573782875073296,210,0.04655287076036355
VFG051488,/data2/B_Li/vfdb/workflow_clade_translatorX_solved_dup_solved/final_aln/VFG051488.nogap.dedup/VFG051488.nogap.dedup.nt_ali.fasta,True,True,,11542,0,0.0,3657,1219,0,0.4002671556987222,2.6060734684331295e-07,0.40026741630606905,733,0.601312551271534
VFG051489,/data2/B_Li/vfdb/workflow_clade_translatorX_solved_dup_solved/final_aln/VFG051489.nogap.dedup/VFG051489.nogap.dedup.nt_ali.fasta,True,True,,11509,0,0.0,7491,2497,0,0.7481778899298152,8.674933336460439e-05,0.7482646392631798,181,0.0724869843812575
VFG051491,/data2/B_Li/vfdb/workflow_clade_translatorX_solved_dup_solved/final_aln/VFG051491.nogap.dedup/VFG051491.nogap.dedup.nt_ali.fasta,True,True,,11511,0,0.0,6996,2332,0,0.7303954022351355,9.287111902657656e-05,0.7304882733541621,162,0.06946826758147513
VFG051504,/data2/B_Li/vfdb/workflow_clade_translatorX_solved_dup_solved/final_aln/VFG051504.nogap.dedup/VFG051504.nogap.dedup.nt_ali.fasta,True,True,,11564,0,0.0,2025,675,0,0.23117375763864867,1.1102997382254847e-06,0.2311748679383869,519,0.7688888888888888
VFG051507,/data2/B_Li/vfdb/workflow_clade_translatorX_solved_dup_solved/final_aln/VFG051507.nogap.dedup/VFG051507.nogap.dedup.nt_ali.fasta,True,True,,11564,0,0.0,2025,675,0,0.23117375763864867,1.1102997382254847e-06,0.2311748679383869,519,0.7688888888888888
VFG051519,/data2/B_Li/vfdb/workflow_clade_translatorX_solved_dup_solved/final_aln/VFG051519.nogap.dedup/VFG051519.nogap.dedup.nt_ali.fasta,True,True,,11560,0,0.0,1884,628,0,0.21668034954708748,1.0101455344220866e-06,0.2166813596926219,492,0.7834394904458599
VFG051522,/data2/B_Li/vfdb/workflow_clade_translatorX_solved_dup_solved/final_aln/VFG051522.nogap.dedup/VFG051522.nogap.dedup.nt_ali.fasta,True,True,,11560,0,0.0,1884,628,0,0.2166804872942058,1.0101455344220866e-06,0.21668149743974022,492,0.7834394904458599
VFG051535,/data2/B_Li/vfdb/workflow_clade_translatorX_solved_dup_solved/final_aln/VFG051535.nogap.dedup/VFG051535.nogap.dedup.nt_ali.fasta,True,True,,11563,0,0.0,2658,886,0,0.3275068429717346,7.48345814114674e-07,0.3275075913175487,596,0.672686230248307
VFG051538,/data2/B_Li/vfdb/workflow_clade_translatorX_solved_dup_solved/final_aln/VFG051538.nogap.dedup/VFG051538.nogap.dedup.nt_ali.fasta,True,True,,11563,0,0.0,2658,886,0,0.3275068429717346,7.48345814114674e-07,0.3275075913175487,596,0.672686230248307
VFG051543,/data2/B_Li/vfdb/workflow_clade_translatorX_solved_dup_solved/final_aln/VFG051543.nogap.dedup/VFG051543.nogap.dedup.nt_ali.fasta,True,True,,11434,0,0.0,1500,500,0,0.32817229316074864,7.579732960177249e-07,0.32817305113404466,336,0.672
VFG051546,/data2/B_Li/vfdb/workflow_clade_translatorX_solved_dup_solved/final_aln/VFG051546.nogap.dedup/VFG051546.nogap.dedup.nt_ali.fasta,True,True,,11103,0,0.0,1500,500,0,0.32817742952355217,7.805698159656549e-07,0.3281782100933681,336,0.672
VFG051551,/data2/B_Li/vfdb/workflow_clade_translatorX_solved_dup_solved/final_aln/VFG051551.nogap.dedup/VFG051551.nogap.dedup.nt_ali.fasta,True,True,,11560,0,0.0,4293,1431,0,0.3871249325972836,1.1485664681460202e-06,0.38712608116375175,878,0.6135569531795947
VFG051554,/data2/B_Li/vfdb/workflow_clade_translatorX_solved_dup_solved/final_aln/VFG051554.nogap.dedup/VFG051554.nogap.dedup.nt_ali.fasta,True,True,,11560,0,0.0,4293,1431,0,0.38712499304815035,1.1485664681460202e-06,0.3871261416146185,878,0.6135569531795947
VFG051567,/data2/B_Li/vfdb/workflow_clade_translatorX_solved_dup_solved/final_aln/VFG051567.nogap.dedup/VFG051567.nogap.dedup.nt_ali.fasta,True,True,,11601,0,0.0,1872,624,0,0.2886440216250146,8.748877380891863e-07,0.2886448965127527,444,0.7115384615384616
VFG051568,/data2/B_Li/vfdb/workflow_clade_translatorX_solved_dup_solved/final_aln/VFG051568.nogap.dedup/VFG051568.nogap.dedup.nt_ali.fasta,True,True,,11601,0,0.0,1872,624,0,0.2886440216250146,8.748877380891863e-07,0.2886448965127527,444,0.7115384615384616
VFG051570,/data2/B_Li/vfdb/workflow_clade_translatorX_solved_dup_solved/final_aln/VFG051570.nogap.dedup/VFG051570.nogap.dedup.nt_ali.fasta,True,True,,11601,0,0.0,1872,624,0,0.2886440216250146,8.748877380891863e-07,0.2886448965127527,444,0.7115384615384616
VFG051583,/data2/B_Li/vfdb/workflow_clade_translatorX_solved_dup_solved/final_aln/VFG051583.nogap.dedup/VFG051583.nogap.dedup.nt_ali.fasta,True,True,,11601,0,0.0,5319,1773,0,0.33764102157208475,1.0533869640186835e-06,0.3376420749590488,1176,0.6632825719120136
VFG051584,/data2/B_Li/vfdb/workflow_clade_translatorX_solved_dup_solved/final_aln/VFG051584.nogap.dedup/VFG051584.nogap.dedup.nt_ali.fasta,True,True,,11601,0,0.0,5328,1776,0,0.3387599197335427,1.0516075941470303e-06,0.33876097134113686,1176,0.6621621621621622
VFG051586,/data2/B_Li/vfdb/workflow_clade_translatorX_solved_dup_solved/final_aln/VFG051586.nogap.dedup/VFG051586.nogap.dedup.nt_ali.fasta,True,True,,11601,0,0.0,5328,1776,0,0.3387599197335427,1.0516075941470303e-06,0.33876097134113686,1176,0.6621621621621622
VFG051593,/data2/B_Li/vfdb/workflow_clade_translatorX_solved_dup_solved/final_aln/VFG051593.nogap.dedup/VFG051593.nogap.dedup.nt_ali.fasta,True,True,,11512,0,0.0,12195,4065,0,0.8416703208032775,5.3280588400046614e-05,0.8417236013916776,186,0.045756457564575644
VFG051596,/data2/B_Li/vfdb/workflow_clade_translatorX_solved_dup_solved/final_aln/VFG051596.nogap.dedup/VFG051596.nogap.dedup.nt_ali.fasta,True,True,,11512,0,0.0,11472,3824,0,0.8316992219870261,5.662334760986777e-05,0.831755845334636,181,0.0473326359832636
VFG051601,/data2/B_Li/vfdb/workflow_clade_translatorX_solved_dup_solved/final_aln/VFG051601.nogap.dedup/VFG051601.nogap.dedup.nt_ali.fasta,True,True,,11496,0,0.0,1830,610,0,0.3991441071448943,1.9013503390107654e-06,0.3991460084952333,366,0.6
VFG051602,/data2/B_Li/vfdb/workflow_clade_translatorX_solved_dup_solved/final_aln/VFG051602.nogap.dedup/VFG051602.nogap.dedup.nt_ali.fasta,True,True,,11496,0,0.0,1830,610,0,0.3998602507500827,1.9013503390107654e-06,0.3998621521004217,366,0.6
VFG051604,/data2/B_Li/vfdb/workflow_clade_translatorX_solved_dup_solved/final_aln/VFG051604.nogap.dedup/VFG051604.nogap.dedup.nt_ali.fasta,True,True,,11496,0,0.0,1830,610,0,0.3998602507500827,1.9013503390107654e-06,0.3998621521004217,366,0.6
VFG051606,/data2/B_Li/vfdb/workflow_clade_translatorX_solved_dup_solved/final_aln/VFG051606.nogap.dedup/VFG051606.nogap.dedup.nt_ali.fasta,True,True,,11509,0,0.0,5919,1973,0,0.35566929109931683,1.291804348421887e-06,0.35567058290366527,1272,0.644703497212367
VFG051607,/data2/B_Li/vfdb/workflow_clade_translatorX_solved_dup_solved/final_aln/VFG051607.nogap.dedup/VFG051607.nogap.dedup.nt_ali.fasta,True,True,,11509,0,0.0,5919,1973,0,0.3556692470605322,1.291804348421887e-06,0.35567053886488065,1272,0.644703497212367
VFG051609,/data2/B_Li/vfdb/workflow_clade_translatorX_solved_dup_solved/final_aln/VFG051609.nogap.dedup/VFG051609.nogap.dedup.nt_ali.fasta,True,True,,11509,0,0.0,5967,1989,0,0.3608524877966185,1.2814127598976285e-06,0.3608537692093784,1272,0.6395173453996983
VFG051616,/data2/B_Li/vfdb/workflow_clade_translatorX_solved_dup_solved/final_aln/VFG051616.nogap.dedup/VFG051616.nogap.dedup.nt_ali.fasta,True,True,,11505,0,0.0,1884,628,0,0.2937703629272236,1.7992730936701572e-06,0.29377216220031727,444,0.7070063694267515
VFG051617,/data2/B_Li/vfdb/workflow_clade_translatorX_solved_dup_solved/final_aln/VFG051617.nogap.dedup/VFG051617.nogap.dedup.nt_ali.fasta,True,True,,11505,0,0.0,1884,628,0,0.2937703629272236,1.7992730936701572e-06,0.29377216220031727,444,0.7070063694267515
VFG051619,/data2/B_Li/vfdb/workflow_clade_translatorX_solved_dup_solved/final_aln/VFG051619.nogap.dedup/VFG051619.nogap.dedup.nt_ali.fasta,True,True,,11505,0,0.0,1884,628,0,0.2937711933609591,1.7992730936701572e-06,0.29377299263405277,444,0.7070063694267515
VFG051626,/data2/B_Li/vfdb/workflow_clade_translatorX_solved_dup_solved/final_aln/VFG051626.nogap.dedup/VFG051626.nogap.dedup.nt_ali.fasta,True,True,,11507,0,0.0,2193,731,0,0.323002937485147,1.1492043285692474e-06,0.3230040866894756,495,0.6771545827633378
VFG051627,/data2/B_Li/vfdb/workflow_clade_translatorX_solved_dup_solved/final_aln/VFG051627.nogap.dedup/VFG051627.nogap.dedup.nt_ali.fasta,True,True,,11507,0,0.0,2193,731,0,0.3230030563683534,1.1492043285692474e-06,0.323004205572682,495,0.6771545827633378
VFG051629,/data2/B_Li/vfdb/workflow_clade_translatorX_solved_dup_solved/final_aln/VFG051629.nogap.dedup/VFG051629.nogap.dedup.nt_ali.fasta,True,True,,11507,0,0.0,2193,731,0,0.323002937485147,1.1492043285692474e-06,0.3230040866894756,495,0.6771545827633378
VFG051641,/data2/B_Li/vfdb/workflow_clade_translatorX_solved_dup_solved/final_aln/VFG051641.nogap.dedup/VFG051641.nogap.dedup.nt_ali.fasta,True,True,,11492,0,0.0,2901,967,0,0.38204896639575897,1.2898081281428574e-06,0.3820502562038871,598,0.6184074457083765
VFG051642,/data2/B_Li/vfdb/workflow_clade_translatorX_solved_dup_solved/final_aln/VFG051642.nogap.dedup/VFG051642.nogap.dedup.nt_ali.fasta,True,True,,11492,0,0.0,2901,967,0,0.38204896639575897,1.2898081281428574e-06,0.3820502562038871,598,0.6184074457083765
VFG051644,/data2/B_Li/vfdb/workflow_clade_translatorX_solved_dup_solved/final_aln/VFG051644.nogap.dedup/VFG051644.nogap.dedup.nt_ali.fasta,True,True,,11492,0,0.0,2901,967,0,0.38204896639575897,1.2898081281428574e-06,0.3820502562038871,598,0.6184074457083765
VFG051646,/data2/B_Li/vfdb/workflow_clade_translatorX_solved_dup_solved/final_aln/VFG051646.nogap.dedup/VFG051646.nogap.dedup.nt_ali.fasta,True,True,,11350,0,0.0,1332,444,0,0.23783446442036751,2.579672183196412e-06,0.23783704409255071,339,0.7635135135135135
VFG051647,/data2/B_Li/vfdb/workflow_clade_translatorX_solved_dup_solved/final_aln/VFG051647.nogap.dedup/VFG051647.nogap.dedup.nt_ali.fasta,True,True,,11265,0,0.0,1293,431,0,0.21485619071452036,2.677533332715441e-06,0.21485886824785308,339,0.7865429234338747
VFG051649,/data2/B_Li/vfdb/workflow_clade_translatorX_solved_dup_solved/final_aln/VFG051649.nogap.dedup/VFG051649.nogap.dedup.nt_ali.fasta,True,True,,11321,0,0.0,1293,431,0,0.21484926991315034,2.6642887547954636e-06,0.21485193420190513,339,0.7865429234338747
VFG051651,/data2/B_Li/vfdb/workflow_clade_translatorX_solved_dup_solved/final_aln/VFG051651.nogap.dedup/VFG051651.nogap.dedup.nt_ali.fasta,True,True,,11521,0,0.0,4209,1403,0,0.3962698380341504,1.3816743662017374e-06,0.3962712197085166,846,0.6029935851746258
VFG051652,/data2/B_Li/vfdb/workflow_clade_translatorX_solved_dup_solved/final_aln/VFG051652.nogap.dedup/VFG051652.nogap.dedup.nt_ali.fasta,True,True,,11395,0,0.0,3891,1297,0,0.3470116849123251,1.330688646034452e-06,0.34701301560097114,846,0.6522744795682344
VFG051654,/data2/B_Li/vfdb/workflow_clade_translatorX_solved_dup_solved/final_aln/VFG051654.nogap.dedup/VFG051654.nogap.dedup.nt_ali.fasta,True,True,,11521,0,0.0,4209,1403,0,0.3962698380341504,1.3816743662017374e-06,0.3962712197085166,846,0.6029935851746258
VFG051661,/data2/B_Li/vfdb/workflow_clade_translatorX_solved_dup_solved/final_aln/VFG051661.nogap.dedup/VFG051661.nogap.dedup.nt_ali.fasta,True,True,,11562,0,0.0,3648,1216,0,0.4090339041688289,2.607983806601784e-07,0.40903416496720957,705,0.5797697368421053
VFG051663,/data2/B_Li/vfdb/workflow_clade_translatorX_solved_dup_solved/final_aln/VFG051663.nogap.dedup/VFG051663.nogap.dedup.nt_ali.fasta,True,True,,11561,0,0.0,3483,1161,0,0.37505525311158927,2.7317679756479277e-07,0.37505552628838684,689,0.5934539190353144
VFG051818,/data2/B_Li/vfdb/workflow_clade_translatorX_solved_dup_solved/final_aln/VFG051818.nogap.dedup/VFG051818.nogap.dedup.nt_ali.fasta,True,True,,11617,1,8.608074373762589e-05,1563,521,0,0.21522515566818567,4.956664706581145e-07,0.21522565133465632,409,0.7850287907869482
VFG051819,/data2/B_Li/vfdb/workflow_clade_translatorX_solved_dup_solved/final_aln/VFG051819.nogap.dedup/VFG051819.nogap.dedup.nt_ali.fasta,True,True,,11616,0,0.0,1545,515,0,0.2060835071812565,5.014843938056647e-07,0.20608400866565033,409,0.7941747572815534
VFG051821,/data2/B_Li/vfdb/workflow_clade_translatorX_solved_dup_solved/final_aln/VFG051821.nogap.dedup/VFG051821.nogap.dedup.nt_ali.fasta,True,True,,11617,1,8.608074373762589e-05,1563,521,0,0.21522515566818567,4.956664706581145e-07,0.21522565133465632,409,0.7850287907869482
VFG051830,/data2/B_Li/vfdb/workflow_clade_translatorX_solved_dup_solved/final_aln/VFG051830.nogap.dedup/VFG051830.nogap.dedup.nt_ali.fasta,True,True,,11570,0,0.0,6840,2280,0,0.42295258457292756,1.149878441421907e-06,0.42295373445136897,1318,0.5780701754385965
VFG051833,/data2/B_Li/vfdb/workflow_clade_translatorX_solved_dup_solved/final_aln/VFG051833.nogap.dedup/VFG051833.nogap.dedup.nt_ali.fasta,True,True,,11570,0,0.0,6828,2276,0,0.4219229857837903,1.151899317417376e-06,0.4219241376831077,1318,0.5790861159929701
VFG051834,/data2/B_Li/vfdb/workflow_clade_translatorX_solved_dup_solved/final_aln/VFG051834.nogap.dedup/VFG051834.nogap.dedup.nt_ali.fasta,True,True,,11230,0,0.0,1998,666,0,0.4278543904545685,4.902498223958598e-07,0.4278548807043909,249,0.3738738738738739
