locus_tag,representative_rank,selected_representative,VFG_ID,Accession,gene,genome_count,freq,n_sequences_total,n_sequences_usable,proportion_sequences_usable,alignment_length_nt,alignment_length_codons,trailing_non_codon_nt,gap_fraction,ambiguous_fraction,bad_character_fraction,usable_codon_count,usable_codon_fraction,protein_length,mapping_method,blast_hit_pident,blast_hit_qcov,blast_hit_evalue,blast_hit_bitscore,alignment_found,analysis_success,error_message,alignment_path,selection_reason
PA0026,1,True,VFG015856,VFG015856(gb|NP_248716),plcB,11100,95.54140127388536,11100,0,0.0,1347,449,0,0.2673171612592548,5.350562143435195e-07,0.26731769631546914,329,0.732739420935412,328,direct_ncbi_record,,,,,True,True,,/data2/B_Li/vfdb/workflow_clade_translatorX_solved_dup_solved/final_aln/VFG015856.nogap.dedup/VFG015856.nogap.dedup.nt_ali.fasta,"Selected VFG015856: genome_count=11100, usable_sequences=0, usable_sequence_fraction=0.0000, usable_codon_fraction=0.7327, gap_fraction=0.2673, ambiguous_fraction=0.0000, protein_length=328"
PA0044,1,True,VFG015168,VFG015168(gb|WP_003136948),exoT,11530,99.2425546565674,11530,0,0.0,1884,628,0,0.2964129852337574,4.603517455617488e-07,0.296413445585503,442,0.7038216560509554,442,blastp_best_hit_to_PAO1,99.548,100.0,0.0,868.0,True,True,,/data2/B_Li/vfdb/workflow_clade_translatorX_solved_dup_solved/final_aln/VFG015168.nogap.dedup/VFG015168.nogap.dedup.nt_ali.fasta,"Selected VFG015168: genome_count=11530, usable_sequences=0, usable_sequence_fraction=0.0000, usable_codon_fraction=0.7038, gap_fraction=0.2964, ambiguous_fraction=0.0000, protein_length=442"
PA0051,1,True,VFG015552,VFG015552(gb|WP_003111526),phzH,11490,98.89826131864348,11490,0,0.0,2757,919,0,0.3353928429035609,3.4724491152041816e-07,0.33539319014847246,611,0.6648531011969532,610,blastp_best_hit_to_PAO1,99.672,100.0,0.0,1244.0,True,True,,/data2/B_Li/vfdb/workflow_clade_translatorX_solved_dup_solved/final_aln/VFG015552.nogap.dedup/VFG015552.nogap.dedup.nt_ali.fasta,"Selected VFG015552: genome_count=11490, usable_sequences=0, usable_sequence_fraction=0.0000, usable_codon_fraction=0.6649, gap_fraction=0.3354, ambiguous_fraction=0.0000, protein_length=610"
PA0071,1,True,VFG002057,VFG002057(gb|NP_248761),tagR,11581,99.68152866242038,11581,0,0.0,2484,828,0,0.31125047814865847,4.171416867624674e-07,0.3112508952903452,571,0.6896135265700483,570,direct_ncbi_record,,,,,True,True,,/data2/B_Li/vfdb/workflow_clade_translatorX_solved_dup_solved/final_aln/VFG002057.nogap.dedup/VFG002057.nogap.dedup.nt_ali.fasta,"Selected VFG002057: genome_count=11581, usable_sequences=0, usable_sequence_fraction=0.0000, usable_codon_fraction=0.6896, gap_fraction=0.3113, ambiguous_fraction=0.0000, protein_length=570"
PA0072,1,True,VFG002058,VFG002058(gb|NP_248762),tagS,11579,99.6643139955242,11579,0,0.0,1902,634,0,0.369471764804281,1.271383189535354e-06,0.36947303618747057,400,0.6309148264984227,399,direct_ncbi_record,,,,,True,True,,/data2/B_Li/vfdb/workflow_clade_translatorX_solved_dup_solved/final_aln/VFG002058.nogap.dedup/VFG002058.nogap.dedup.nt_ali.fasta,"Selected VFG002058: genome_count=11579, usable_sequences=0, usable_sequence_fraction=0.0000, usable_codon_fraction=0.6309, gap_fraction=0.3695, ambiguous_fraction=0.0000, protein_length=399"
PA0074,1,True,VFG015387,VFG015387(gb|WP_003136961),ppkA,11586,99.72456532966088,11586,0,0.0,5853,1951,0,0.4918382735026446,8.258020919867439e-07,0.49183909930473657,1033,0.5294720656073808,1032,blastp_best_hit_to_PAO1,99.419,100.0,0.0,2063.0,True,True,,/data2/B_Li/vfdb/workflow_clade_translatorX_solved_dup_solved/final_aln/VFG015387.nogap.dedup/VFG015387.nogap.dedup.nt_ali.fasta,"Selected VFG015387: genome_count=11586, usable_sequences=0, usable_sequence_fraction=0.0000, usable_codon_fraction=0.5295, gap_fraction=0.4918, ambiguous_fraction=0.0000, protein_length=1032"
PA0077,1,True,VFG015404,VFG015404(gb|WP_003111851),icmF1/tssM1,11588,99.74177999655709,11588,0,0.0,4644,1548,0,0.23949110012228636,5.017219095937257e-07,0.23949160184419596,1177,0.7603359173126615,1177,blastp_best_hit_to_PAO1,99.546,93.62786745964316,0.0,2206.0,True,True,,/data2/B_Li/vfdb/workflow_clade_translatorX_solved_dup_solved/final_aln/VFG015404.nogap.dedup/VFG015404.nogap.dedup.nt_ali.fasta,"Selected VFG015404: genome_count=11588, usable_sequences=0, usable_sequence_fraction=0.0000, usable_codon_fraction=0.7603, gap_fraction=0.2395, ambiguous_fraction=0.0000, protein_length=1177"
PA0078,1,True,VFG002064,VFG002064(gb|NP_248768),dotU1,11588,99.74177999655709,11588,0,0.0,1956,652,0,0.3102903151345479,7.941365194796394e-07,0.3102911092710674,450,0.6901840490797546,449,direct_ncbi_record,,,,,True,True,,/data2/B_Li/vfdb/workflow_clade_translatorX_solved_dup_solved/final_aln/VFG002064.nogap.dedup/VFG002064.nogap.dedup.nt_ali.fasta,"Selected VFG002064: genome_count=11588, usable_sequences=0, usable_sequence_fraction=0.0000, usable_codon_fraction=0.6902, gap_fraction=0.3103, ambiguous_fraction=0.0000, protein_length=449"
PA0079,1,True,VFG002065,VFG002065(gb|NP_248769),hsiJ1,11584,99.70735066276468,11584,0,0.0,1887,629,0,0.2926431062196418,7.319636828899098e-07,0.2926438381833247,445,0.7074721780604134,444,direct_ncbi_record,,,,,True,True,,/data2/B_Li/vfdb/workflow_clade_translatorX_solved_dup_solved/final_aln/VFG002065.nogap.dedup/VFG002065.nogap.dedup.nt_ali.fasta,"Selected VFG002065: genome_count=11584, usable_sequences=0, usable_sequence_fraction=0.0000, usable_codon_fraction=0.7075, gap_fraction=0.2926, ambiguous_fraction=0.0000, protein_length=444"
PA0081,1,True,VFG002067,VFG002067(gb|NP_248771),fha1,11103,95.56722327422963,11103,0,0.0,4062,1354,0,0.6776586790188448,2.3503124784785655e-06,0.6776610293313233,369,0.2725258493353028,497,direct_ncbi_record,,,,,True,True,,/data2/B_Li/vfdb/workflow_clade_translatorX_solved_dup_solved/final_aln/VFG002067.nogap.dedup/VFG002067.nogap.dedup.nt_ali.fasta,"Selected VFG002067: genome_count=11103, usable_sequences=0, usable_sequence_fraction=0.0000, usable_codon_fraction=0.2725, gap_fraction=0.6777, ambiguous_fraction=0.0000, protein_length=497"
PA0082,1,True,VFG020003,VFG020003(gb|WP_003104975),hsiA1,11521,99.16508865553452,11521,0,0.0,1872,624,0,0.44802356454990777,3.7093171369709866e-07,0.44802393548162145,345,0.5528846153846154,344,blastp_best_hit_to_PAO1,98.837,100.0,0.0,656.0,True,True,,/data2/B_Li/vfdb/workflow_clade_translatorX_solved_dup_solved/final_aln/VFG020003.nogap.dedup/VFG020003.nogap.dedup.nt_ali.fasta,"Selected VFG020003: genome_count=11521, usable_sequences=0, usable_sequence_fraction=0.0000, usable_codon_fraction=0.5529, gap_fraction=0.4480, ambiguous_fraction=0.0000, protein_length=344"
PA0084,1,True,VFG002070,VFG002070(gb|NP_248774),hsiC1/vipB/tssC,11588,99.74177999655709,11588,0,0.0,2052,684,0,0.27110975863314946,1.471913204558591e-06,0.271111230546354,499,0.72953216374269,498,direct_ncbi_record,,,,,True,True,,/data2/B_Li/vfdb/workflow_clade_translatorX_solved_dup_solved/final_aln/VFG002070.nogap.dedup/VFG002070.nogap.dedup.nt_ali.fasta,"Selected VFG002070: genome_count=11588, usable_sequences=0, usable_sequence_fraction=0.0000, usable_codon_fraction=0.7295, gap_fraction=0.2711, ambiguous_fraction=0.0000, protein_length=498"
PA0088,1,True,VFG015473,VFG015473(gb|WP_011979136),hsiG1/tssF,11603,99.87088999827851,11603,0,0.0,2415,805,0,0.23056245359547728,6.423697448132658e-07,0.2305630959652221,620,0.7701863354037267,619,blastp_best_hit_to_PAO1,98.061,100.0,0.0,1232.0,True,True,,/data2/B_Li/vfdb/workflow_clade_translatorX_solved_dup_solved/final_aln/VFG015473.nogap.dedup/VFG015473.nogap.dedup.nt_ali.fasta,"Selected VFG015473: genome_count=11603, usable_sequences=0, usable_sequence_fraction=0.0000, usable_codon_fraction=0.7702, gap_fraction=0.2306, ambiguous_fraction=0.0000, protein_length=619"
PA0089,1,True,VFG002075,VFG002075(gb|NP_248779),hsiH1/tssG,11602,99.86228266483045,11602,0,0.0,1641,547,0,0.36228718682115896,6.82813203002151e-07,0.36228786963436194,349,0.6380255941499086,348,direct_ncbi_record,,,,,True,True,,/data2/B_Li/vfdb/workflow_clade_translatorX_solved_dup_solved/final_aln/VFG002075.nogap.dedup/VFG002075.nogap.dedup.nt_ali.fasta,"Selected VFG002075: genome_count=11602, usable_sequences=0, usable_sequence_fraction=0.0000, usable_codon_fraction=0.6380, gap_fraction=0.3623, ambiguous_fraction=0.0000, protein_length=348"
PA0090,1,True,VFG015491,VFG015491(gb|WP_011979138),clpV1,11603,99.87088999827851,11603,11162,0.9619925881237611,3372,1124,0,0.19881025369865382,2.4536543040316915e-06,0.19881270735295786,903,0.8033807829181495,902,blastp_best_hit_to_PAO1,98.67,100.0,0.0,1802.0,True,True,,/data2/B_Li/vfdb/workflow_clade_translatorX_solved_dup_solved/final_aln/VFG015491.nogap.dedup/VFG015491.nogap.dedup.nt_ali.fasta,"Selected VFG015491: genome_count=11603, usable_sequences=11162, usable_sequence_fraction=0.9620, usable_codon_fraction=0.8034, gap_fraction=0.1988, ambiguous_fraction=0.0000, protein_length=902"
PA0091,1,True,VFG002077,VFG002077(gb|NP_248781),vgrG1a,11550,99.41470132552936,11550,0,0.0,3267,1089,0,0.43370247138842183,2.067109505126034e-06,0.43370453849792695,644,0.5913682277318641,643,direct_ncbi_record,,,,,True,True,,/data2/B_Li/vfdb/workflow_clade_translatorX_solved_dup_solved/final_aln/VFG002077.nogap.dedup/VFG002077.nogap.dedup.nt_ali.fasta,"Selected VFG002077: genome_count=11550, usable_sequences=0, usable_sequence_fraction=0.0000, usable_codon_fraction=0.5914, gap_fraction=0.4337, ambiguous_fraction=0.0000, protein_length=643"
PA0093,1,True,VFG051485,VFG051485(gb|NP_248783.1),tse6,11231,96.66896195558616,11231,0,0.0,1998,666,0,0.42787204442444404,4.902061709113619e-07,0.427872534630615,249,0.3738738738738739,430,direct_ncbi_record,,,,,True,True,,/data2/B_Li/vfdb/workflow_clade_translatorX_solved_dup_solved/final_aln/VFG051485.nogap.dedup/VFG051485.nogap.dedup.nt_ali.fasta,"Selected VFG051485: genome_count=11231, usable_sequences=0, usable_sequence_fraction=0.0000, usable_codon_fraction=0.3739, gap_fraction=0.4279, ambiguous_fraction=0.0000, protein_length=430"
PA0262,1,True,VFG051596,VFG051596(gb|WP_003137141.1),vgrG2b,11512,99.08762265450164,11512,0,0.0,11472,3824,0,0.8316992219870261,5.662334760986777e-05,0.831755845334636,181,0.0473326359832636,1019,blastp_best_hit_to_PAO1,99.019,100.0,0.0,2080.0,True,True,,/data2/B_Li/vfdb/workflow_clade_translatorX_solved_dup_solved/final_aln/VFG051596.nogap.dedup/VFG051596.nogap.dedup.nt_ali.fasta,"Selected VFG051596: genome_count=11512, usable_sequences=0, usable_sequence_fraction=0.0000, usable_codon_fraction=0.0473, gap_fraction=0.8317, ambiguous_fraction=0.0001, protein_length=1019"
PA0395,1,True,VFG001223,VFG001223(gb|NP_249086),pilT,11612,99.94835599931142,11612,11609,0.9997416465725112,1092,364,0,0.05229125421598725,1.5772492520684048e-07,0.052291411940912455,345,0.9478021978021978,344,direct_ncbi_record,,,,,True,True,,/data2/B_Li/vfdb/workflow_clade_translatorX_solved_dup_solved/final_aln/VFG001223.nogap.dedup/VFG001223.nogap.dedup.nt_ali.fasta,"Selected VFG001223: genome_count=11612, usable_sequences=11609, usable_sequence_fraction=0.9997, usable_codon_fraction=0.9478, gap_fraction=0.0523, ambiguous_fraction=0.0000, protein_length=344"
PA0396,1,True,VFG001224,VFG001224(gb|NP_249087),pilU,11612,99.94835599931142,11612,11606,0.9994832931450224,1311,437,0,0.12369591624225236,1.3137728323864973e-07,0.12369604761953559,383,0.8764302059496567,382,direct_ncbi_record,,,,,True,True,,/data2/B_Li/vfdb/workflow_clade_translatorX_solved_dup_solved/final_aln/VFG001224.nogap.dedup/VFG001224.nogap.dedup.nt_ali.fasta,"Selected VFG001224: genome_count=11612, usable_sequences=11606, usable_sequence_fraction=0.9995, usable_codon_fraction=0.8764, gap_fraction=0.1237, ambiguous_fraction=0.0000, protein_length=382"
PA0411,1,True,VFG014043,VFG014043(gb|WP_012074000),pilJ,11613,99.95696333275951,11613,0,0.0,3492,1164,0,0.41412108364159966,1.7261533638931526e-07,0.4141212562569361,683,0.5867697594501718,682,blastp_best_hit_to_PAO1,99.56,100.0,0.0,1349.0,True,True,,/data2/B_Li/vfdb/workflow_clade_translatorX_solved_dup_solved/final_aln/VFG014043.nogap.dedup/VFG014043.nogap.dedup.nt_ali.fasta,"Selected VFG014043: genome_count=11613, usable_sequences=0, usable_sequence_fraction=0.0000, usable_codon_fraction=0.5868, gap_fraction=0.4141, ambiguous_fraction=0.0000, protein_length=682"
PA0413,1,True,VFG014062,VFG014062(gb|WP_004365046),chpA,11609,99.92253399896713,11609,0,0.0,13974,4658,0,0.47304620447239654,3.575299625827634e-07,0.4730465620023591,2471,0.5304851867754401,2476,blastp_best_hit_to_PAO1,98.83,100.08077544426494,0.0,4791.0,True,True,,/data2/B_Li/vfdb/workflow_clade_translatorX_solved_dup_solved/final_aln/VFG014062.nogap.dedup/VFG014062.nogap.dedup.nt_ali.fasta,"Selected VFG014062: genome_count=11609, usable_sequences=0, usable_sequence_fraction=0.0000, usable_codon_fraction=0.5305, gap_fraction=0.4730, ambiguous_fraction=0.0000, protein_length=2476"
PA0414,1,True,VFG019773,VFG019773(gb|WP_003084598),chpB,11550,99.41470132552936,11550,0,0.0,1335,445,0,0.2270312758402646,2.594159897530684e-07,0.22703153525625436,344,0.7730337078651686,343,blastp_best_hit_to_PAO1,99.417,100.0,0.0,691.0,True,True,,/data2/B_Li/vfdb/workflow_clade_translatorX_solved_dup_solved/final_aln/VFG019773.nogap.dedup/VFG019773.nogap.dedup.nt_ali.fasta,"Selected VFG019773: genome_count=11550, usable_sequences=0, usable_sequence_fraction=0.0000, usable_codon_fraction=0.7730, gap_fraction=0.2270, ambiguous_fraction=0.0000, protein_length=343"
PA0766,1,True,VFG014950,VFG014950(gb|NP_249457),mucD,11615,99.97417799965572,11615,0,0.0,1965,655,0,0.27491168632296353,5.695889867778679e-07,0.2749122559119503,475,0.7251908396946565,474,direct_ncbi_record,,,,,True,True,,/data2/B_Li/vfdb/workflow_clade_translatorX_solved_dup_solved/final_aln/VFG014950.nogap.dedup/VFG014950.nogap.dedup.nt_ali.fasta,"Selected VFG014950: genome_count=11615, usable_sequences=0, usable_sequence_fraction=0.0000, usable_codon_fraction=0.7252, gap_fraction=0.2749, ambiguous_fraction=0.0000, protein_length=474"
PA0844,1,True,VFG000157,VFG000157(gb|NP_249535),plcH,11584,99.70735066276468,11584,0,0.0,3189,1063,0,0.3124363315540818,5.143284321623537e-07,0.31243684588251397,731,0.6876763875823142,730,direct_ncbi_record,,,,,True,True,,/data2/B_Li/vfdb/workflow_clade_translatorX_solved_dup_solved/final_aln/VFG000157.nogap.dedup/VFG000157.nogap.dedup.nt_ali.fasta,"Selected VFG000157: genome_count=11584, usable_sequences=0, usable_sequence_fraction=0.0000, usable_codon_fraction=0.6877, gap_fraction=0.3124, ambiguous_fraction=0.0000, protein_length=730"
PA0928,1,True,VFG015067,VFG015067(gb|NP_249619),gacS,11574,99.6212773282837,11574,0,0.0,4833,1611,0,0.4268259719096839,5.541934909724204e-07,0.4268265261031749,926,0.5747982619490999,925,direct_ncbi_record,,,,,True,True,,/data2/B_Li/vfdb/workflow_clade_translatorX_solved_dup_solved/final_aln/VFG015067.nogap.dedup/VFG015067.nogap.dedup.nt_ali.fasta,"Selected VFG015067: genome_count=11574, usable_sequences=0, usable_sequence_fraction=0.0000, usable_codon_fraction=0.5748, gap_fraction=0.4268, ambiguous_fraction=0.0000, protein_length=925"
PA1080,1,True,VFG001238,VFG001238(gb|NP_249771),flgE,11436,98.4334653124462,11436,0,0.0,1947,649,0,0.28667398548416567,5.389409056686343e-07,0.28667452442507135,463,0.7134052388289677,462,direct_ncbi_record,,,,,True,True,,/data2/B_Li/vfdb/workflow_clade_translatorX_solved_dup_solved/final_aln/VFG001238.nogap.dedup/VFG001238.nogap.dedup.nt_ali.fasta,"Selected VFG001238: genome_count=11436, usable_sequences=0, usable_sequence_fraction=0.0000, usable_codon_fraction=0.7134, gap_fraction=0.2867, ambiguous_fraction=0.0000, protein_length=462"
PA1084,1,True,VFG001242,VFG001242(gb|NP_249775),flgI,11614,99.9655706662076,11614,11610,0.9996555880833476,1383,461,0,0.19747428770796857,4.980649553901897e-07,0.19747478577292396,370,0.8026030368763557,369,direct_ncbi_record,,,,,True,True,,/data2/B_Li/vfdb/workflow_clade_translatorX_solved_dup_solved/final_aln/VFG001242.nogap.dedup/VFG001242.nogap.dedup.nt_ali.fasta,"Selected VFG001242: genome_count=11614, usable_sequences=11610, usable_sequence_fraction=0.9997, usable_codon_fraction=0.8026, gap_fraction=0.1975, ambiguous_fraction=0.0000, protein_length=369"
PA1085,1,True,VFG014254,VFG014254(gb|WP_003116316),flgJ,11582,99.69013599586847,11582,0,0.0,1692,564,0,0.2891102726044694,5.102888520664453e-07,0.2891107828933215,401,0.7109929078014184,400,blastp_best_hit_to_PAO1,99.75,100.0,0.0,810.0,True,True,,/data2/B_Li/vfdb/workflow_clade_translatorX_solved_dup_solved/final_aln/VFG014254.nogap.dedup/VFG014254.nogap.dedup.nt_ali.fasta,"Selected VFG014254: genome_count=11582, usable_sequences=0, usable_sequence_fraction=0.0000, usable_codon_fraction=0.7110, gap_fraction=0.2891, ambiguous_fraction=0.0000, protein_length=400"
PA1097,1,True,VFG014358,VFG014358(gb|WP_003086448),fleQ,11575,99.6298846617318,11575,0,0.0,2175,725,0,0.3232296715573099,9.930240063553537e-07,0.3232306645813163,491,0.6772413793103448,490,blastp_best_hit_to_PAO1,100.0,100.0,0.0,994.0,True,True,,/data2/B_Li/vfdb/workflow_clade_translatorX_solved_dup_solved/final_aln/VFG014358.nogap.dedup/VFG014358.nogap.dedup.nt_ali.fasta,"Selected VFG014358: genome_count=11575, usable_sequences=0, usable_sequence_fraction=0.0000, usable_codon_fraction=0.6772, gap_fraction=0.3232, ambiguous_fraction=0.0000, protein_length=490"
PA1098,1,True,VFG014369,VFG014369(gb|NP_249789),fleS,11575,99.6298846617318,11575,0,0.0,1848,616,0,0.3460379792993184,7.947416154759568e-07,0.34603877404093386,403,0.6542207792207793,402,direct_ncbi_record,,,,,True,True,,/data2/B_Li/vfdb/workflow_clade_translatorX_solved_dup_solved/final_aln/VFG014369.nogap.dedup/VFG014369.nogap.dedup.nt_ali.fasta,"Selected VFG014369: genome_count=11575, usable_sequences=0, usable_sequence_fraction=0.0000, usable_codon_fraction=0.6542, gap_fraction=0.3460, ambiguous_fraction=0.0000, protein_length=402"
PA1099,1,True,VFG001249,VFG001249(gb|NP_249790),fleR,11575,99.6298846617318,11575,0,0.0,2163,721,0,0.3433099576721796,1.4378877429056716e-06,0.3433113955599225,474,0.6574202496532594,473,direct_ncbi_record,,,,,True,True,,/data2/B_Li/vfdb/workflow_clade_translatorX_solved_dup_solved/final_aln/VFG001249.nogap.dedup/VFG001249.nogap.dedup.nt_ali.fasta,"Selected VFG001249: genome_count=11575, usable_sequences=0, usable_sequence_fraction=0.0000, usable_codon_fraction=0.6574, gap_fraction=0.3433, ambiguous_fraction=0.0000, protein_length=473"
PA1101,1,True,VFG001251,VFG001251(gb|NP_249792),fliF,11616,99.9827853331038,11616,0,0.0,2778,926,0,0.35331982325711464,5.887958715368886e-07,0.3533204120529862,599,0.6468682505399568,598,direct_ncbi_record,,,,,True,True,,/data2/B_Li/vfdb/workflow_clade_translatorX_solved_dup_solved/final_aln/VFG001251.nogap.dedup/VFG001251.nogap.dedup.nt_ali.fasta,"Selected VFG001251: genome_count=11616, usable_sequences=0, usable_sequence_fraction=0.0000, usable_codon_fraction=0.6469, gap_fraction=0.3533, ambiguous_fraction=0.0000, protein_length=598"
PA1102,1,True,VFG001252,VFG001252(gb|NP_249793),fliG,11589,99.75038733000515,11589,0,0.0,1281,427,0,0.20609081170608565,5.388835101578531e-07,0.2060913505895958,339,0.7939110070257611,338,direct_ncbi_record,,,,,True,True,,/data2/B_Li/vfdb/workflow_clade_translatorX_solved_dup_solved/final_aln/VFG001252.nogap.dedup/VFG001252.nogap.dedup.nt_ali.fasta,"Selected VFG001252: genome_count=11589, usable_sequences=0, usable_sequence_fraction=0.0000, usable_codon_fraction=0.7939, gap_fraction=0.2061, ambiguous_fraction=0.0000, protein_length=338"
PA1104,1,True,VFG001254,VFG001254(gb|NP_249795),fliI,11578,99.6557066620761,11578,0,0.0,1929,643,0,0.2972155589769518,1.4775703477958814e-06,0.2972170365472996,452,0.702954898911353,451,direct_ncbi_record,,,,,True,True,,/data2/B_Li/vfdb/workflow_clade_translatorX_solved_dup_solved/final_aln/VFG001254.nogap.dedup/VFG001254.nogap.dedup.nt_ali.fasta,"Selected VFG001254: genome_count=11578, usable_sequences=0, usable_sequence_fraction=0.0000, usable_codon_fraction=0.7030, gap_fraction=0.2972, ambiguous_fraction=0.0000, protein_length=451"
PA1148,1,True,VFG000115,VFG000115(gb|NP_249839),toxA,11355,97.73627130315028,11355,0,0.0,3045,1015,0,0.37147481741295796,9.254981240586852e-07,0.37147574291108204,639,0.6295566502463055,638,direct_ncbi_record,,,,,True,True,,/data2/B_Li/vfdb/workflow_clade_translatorX_solved_dup_solved/final_aln/VFG000115.nogap.dedup/VFG000115.nogap.dedup.nt_ali.fasta,"Selected VFG000115: genome_count=11355, usable_sequences=0, usable_sequence_fraction=0.0000, usable_codon_fraction=0.6296, gap_fraction=0.3715, ambiguous_fraction=0.0000, protein_length=638"
PA1249,1,True,VFG000144,VFG000144(gb|NP_249940),aprA,11566,99.55241866069892,11566,0,0.0,2067,689,0,0.30344709369110756,7.529200120366813e-07,0.3034478466111196,480,0.6966618287373004,479,direct_ncbi_record,,,,,True,True,,/data2/B_Li/vfdb/workflow_clade_translatorX_solved_dup_solved/final_aln/VFG000144.nogap.dedup/VFG000144.nogap.dedup.nt_ali.fasta,"Selected VFG000144: genome_count=11566, usable_sequences=0, usable_sequence_fraction=0.0000, usable_codon_fraction=0.6967, gap_fraction=0.3034, ambiguous_fraction=0.0000, protein_length=479"
PA1441,1,True,VFG014473,VFG014473(gb|NP_250132),fliK,11570,99.58684799449132,11570,0,0.0,1677,559,0,0.2344340971886147,8.246194252505683e-07,0.23443492180803993,428,0.7656529516994633,427,direct_ncbi_record,,,,,True,True,,/data2/B_Li/vfdb/workflow_clade_translatorX_solved_dup_solved/final_aln/VFG014473.nogap.dedup/VFG014473.nogap.dedup.nt_ali.fasta,"Selected VFG014473: genome_count=11570, usable_sequences=0, usable_sequence_fraction=0.0000, usable_codon_fraction=0.7657, gap_fraction=0.2344, ambiguous_fraction=0.0000, protein_length=427"
PA1449,1,True,VFG001262,VFG001262(gb|NP_250140),flhB,11592,99.77620933034945,11592,0,0.0,1896,632,0,0.40273327960793565,8.644838721888804e-07,0.40273414409180786,379,0.5996835443037974,378,direct_ncbi_record,,,,,True,True,,/data2/B_Li/vfdb/workflow_clade_translatorX_solved_dup_solved/final_aln/VFG001262.nogap.dedup/VFG001262.nogap.dedup.nt_ali.fasta,"Selected VFG001262: genome_count=11592, usable_sequences=0, usable_sequence_fraction=0.0000, usable_codon_fraction=0.5997, gap_fraction=0.4027, ambiguous_fraction=0.0000, protein_length=378"
PA1452,1,True,VFG001263,VFG001263(gb|NP_250143),flhA,11612,99.94835599931142,11612,0,0.0,3150,1050,0,0.32638830110066763,7.928306240397181e-07,0.3263890939312917,708,0.6742857142857143,707,direct_ncbi_record,,,,,True,True,,/data2/B_Li/vfdb/workflow_clade_translatorX_solved_dup_solved/final_aln/VFG001263.nogap.dedup/VFG001263.nogap.dedup.nt_ali.fasta,"Selected VFG001263: genome_count=11612, usable_sequences=0, usable_sequence_fraction=0.0000, usable_codon_fraction=0.6743, gap_fraction=0.3264, ambiguous_fraction=0.0000, protein_length=707"
PA1453,1,True,VFG001264,VFG001264(gb|NP_250144),flhF,11562,99.51798932690652,11562,0,0.0,1638,546,0,0.21267709111507763,1.584070084329555e-06,0.21267867518516195,430,0.7875457875457875,429,direct_ncbi_record,,,,,True,True,,/data2/B_Li/vfdb/workflow_clade_translatorX_solved_dup_solved/final_aln/VFG001264.nogap.dedup/VFG001264.nogap.dedup.nt_ali.fasta,"Selected VFG001264: genome_count=11562, usable_sequences=0, usable_sequence_fraction=0.0000, usable_codon_fraction=0.7875, gap_fraction=0.2127, ambiguous_fraction=0.0000, protein_length=429"
PA1511,1,True,VFG051491,VFG051491(gb|WP_011666716.1),vgrG,11511,99.07901532105356,11511,0,0.0,6996,2332,0,0.7303954022351355,9.287111902657656e-05,0.7304882733541621,162,0.06946826758147513,842,blastp_best_hit_to_PAO1,99.169,100.0,0.0,1723.0,True,True,,/data2/B_Li/vfdb/workflow_clade_translatorX_solved_dup_solved/final_aln/VFG051491.nogap.dedup/VFG051491.nogap.dedup.nt_ali.fasta,"Selected VFG051491: genome_count=11511, usable_sequences=0, usable_sequence_fraction=0.0000, usable_codon_fraction=0.0695, gap_fraction=0.7304, ambiguous_fraction=0.0001, protein_length=842"
PA1656,1,True,VFG041014,VFG041014(gb|NP_250347),tssA,11564,99.53520399380272,11564,0,0.0,2025,675,0,0.23117375763864867,1.1102997382254847e-06,0.2311748679383869,519,0.7688888888888888,518,direct_ncbi_record,,,,,True,True,,/data2/B_Li/vfdb/workflow_clade_translatorX_solved_dup_solved/final_aln/VFG041014.nogap.dedup/VFG041014.nogap.dedup.nt_ali.fasta,"Selected VFG041014: genome_count=11564, usable_sequences=0, usable_sequence_fraction=0.0000, usable_codon_fraction=0.7689, gap_fraction=0.2312, ambiguous_fraction=0.0000, protein_length=518"
PA1658,1,True,VFG041016,VFG041016(gb|NP_250349),tssC,11560,99.50077466001032,11560,0,0.0,1884,628,0,0.21668034954708748,1.0101455344220866e-06,0.2166813596926219,492,0.7834394904458599,491,direct_ncbi_record,,,,,True,True,,/data2/B_Li/vfdb/workflow_clade_translatorX_solved_dup_solved/final_aln/VFG041016.nogap.dedup/VFG041016.nogap.dedup.nt_ali.fasta,"Selected VFG041016: genome_count=11560, usable_sequences=0, usable_sequence_fraction=0.0000, usable_codon_fraction=0.7834, gap_fraction=0.2167, ambiguous_fraction=0.0000, protein_length=491"
PA1660,1,True,VFG051535,VFG051535(gb|WP_010794013.1),tssF,11563,99.52659666035464,11563,0,0.0,2658,886,0,0.3275068429717346,7.48345814114674e-07,0.3275075913175487,596,0.672686230248307,595,blastp_best_hit_to_PAO1,99.81,88.40336134453781,0.0,1070.0,True,True,,/data2/B_Li/vfdb/workflow_clade_translatorX_solved_dup_solved/final_aln/VFG051535.nogap.dedup/VFG051535.nogap.dedup.nt_ali.fasta,"Selected VFG051535: genome_count=11563, usable_sequences=0, usable_sequence_fraction=0.0000, usable_codon_fraction=0.6727, gap_fraction=0.3275, ambiguous_fraction=0.0000, protein_length=595"
PA1661,1,True,VFG051543,VFG051543(gb|WP_003097804.1),tssG,11434,98.41625064555,11434,0,0.0,1500,500,0,0.32817229316074864,7.579732960177249e-07,0.32817305113404466,336,0.672,335,blastp_best_hit_to_PAO1,99.701,100.0,0.0,672.0,True,True,,/data2/B_Li/vfdb/workflow_clade_translatorX_solved_dup_solved/final_aln/VFG051543.nogap.dedup/VFG051543.nogap.dedup.nt_ali.fasta,"Selected VFG051543: genome_count=11434, usable_sequences=0, usable_sequence_fraction=0.0000, usable_codon_fraction=0.6720, gap_fraction=0.3282, ambiguous_fraction=0.0000, protein_length=335"
PA1662,1,True,VFG051551,VFG051551(gb|WP_012614304.1),tssH,11560,99.50077466001032,11560,0,0.0,4293,1431,0,0.3871249325972836,1.1485664681460202e-06,0.38712608116375175,878,0.6135569531795947,877,blastp_best_hit_to_PAO1,99.43,100.0,0.0,1726.0,True,True,,/data2/B_Li/vfdb/workflow_clade_translatorX_solved_dup_solved/final_aln/VFG051551.nogap.dedup/VFG051551.nogap.dedup.nt_ali.fasta,"Selected VFG051551: genome_count=11560, usable_sequences=0, usable_sequence_fraction=0.0000, usable_codon_fraction=0.6136, gap_fraction=0.3871, ambiguous_fraction=0.0000, protein_length=877"
PA1667,1,True,VFG041025,VFG041025(gb|NP_250358),tssK,11601,99.85367533138232,11601,0,0.0,1872,624,0,0.2886440216250146,8.748877380891863e-07,0.2886448965127527,444,0.7115384615384616,443,direct_ncbi_record,,,,,True,True,,/data2/B_Li/vfdb/workflow_clade_translatorX_solved_dup_solved/final_aln/VFG041025.nogap.dedup/VFG041025.nogap.dedup.nt_ali.fasta,"Selected VFG041025: genome_count=11601, usable_sequences=0, usable_sequence_fraction=0.0000, usable_codon_fraction=0.7115, gap_fraction=0.2886, ambiguous_fraction=0.0000, protein_length=443"
PA1669,1,True,VFG041027,VFG041027(gb|NP_250360),tssM,11601,99.85367533138232,11601,0,0.0,5319,1773,0,0.33764102157208475,1.0533869640186835e-06,0.3376420749590488,1176,0.6632825719120136,1175,direct_ncbi_record,,,,,True,True,,/data2/B_Li/vfdb/workflow_clade_translatorX_solved_dup_solved/final_aln/VFG041027.nogap.dedup/VFG041027.nogap.dedup.nt_ali.fasta,"Selected VFG041027: genome_count=11601, usable_sequences=0, usable_sequence_fraction=0.0000, usable_codon_fraction=0.6633, gap_fraction=0.3376, ambiguous_fraction=0.0000, protein_length=1175"
PA1690,1,True,VFG019945,VFG019945(gb|WP_003103203),pscU,11542,99.34584265794456,11542,0,0.0,1341,447,0,0.2170218135342298,1.0337371756827285e-06,0.2170228472714055,350,0.7829977628635347,349,blastp_best_hit_to_PAO1,100.0,100.0,0.0,700.0,True,True,,/data2/B_Li/vfdb/workflow_clade_translatorX_solved_dup_solved/final_aln/VFG019945.nogap.dedup/VFG019945.nogap.dedup.nt_ali.fasta,"Selected VFG019945: genome_count=11542, usable_sequences=0, usable_sequence_fraction=0.0000, usable_codon_fraction=0.7830, gap_fraction=0.2170, ambiguous_fraction=0.0000, protein_length=349"
PA1697,1,True,VFG019951,VFG019951(gb|WP_012614296),pscN,11537,99.30280599070409,11537,0,0.0,2031,677,0,0.35230711695170214,2.6459941121509726e-06,0.3523097629458143,441,0.6514032496307238,440,blastp_best_hit_to_PAO1,99.091,100.0,0.0,876.0,True,True,,/data2/B_Li/vfdb/workflow_clade_translatorX_solved_dup_solved/final_aln/VFG019951.nogap.dedup/VFG019951.nogap.dedup.nt_ali.fasta,"Selected VFG019951: genome_count=11537, usable_sequences=0, usable_sequence_fraction=0.0000, usable_codon_fraction=0.6514, gap_fraction=0.3523, ambiguous_fraction=0.0000, protein_length=440"
PA1703,1,True,VFG000198,VFG000198(gb|NP_250394),pcrD,11535,99.28559132380788,11535,0,0.0,3048,1016,0,0.30434282515725847,8.53274355009915e-07,0.3043436784316135,707,0.6958661417322834,706,direct_ncbi_record,,,,,True,True,,/data2/B_Li/vfdb/workflow_clade_translatorX_solved_dup_solved/final_aln/VFG000198.nogap.dedup/VFG000198.nogap.dedup.nt_ali.fasta,"Selected VFG000198: genome_count=11535, usable_sequences=0, usable_sequence_fraction=0.0000, usable_codon_fraction=0.6959, gap_fraction=0.3043, ambiguous_fraction=0.0000, protein_length=706"
PA1708,1,True,VFG000203,VFG000203(gb|NP_250399),popB,11534,99.2769839903598,11534,0,0.0,1479,493,0,0.2075208634424513,1.406899646903361e-06,0.2075222703420982,391,0.7931034482758621,390,direct_ncbi_record,,,,,True,True,,/data2/B_Li/vfdb/workflow_clade_translatorX_solved_dup_solved/final_aln/VFG000203.nogap.dedup/VFG000203.nogap.dedup.nt_ali.fasta,"Selected VFG000203: genome_count=11534, usable_sequences=0, usable_sequence_fraction=0.0000, usable_codon_fraction=0.7931, gap_fraction=0.2075, ambiguous_fraction=0.0000, protein_length=390"
PA1716,1,True,VFG000211,VFG000211(gb|NP_250407),pscC,11521,99.16508865553452,11521,0,0.0,2454,818,0,0.26536468220358317,1.3794306516706284e-06,0.2653660616342348,601,0.7347188264058679,600,direct_ncbi_record,,,,,True,True,,/data2/B_Li/vfdb/workflow_clade_translatorX_solved_dup_solved/final_aln/VFG000211.nogap.dedup/VFG000211.nogap.dedup.nt_ali.fasta,"Selected VFG000211: genome_count=11521, usable_sequences=0, usable_sequence_fraction=0.0000, usable_codon_fraction=0.7347, gap_fraction=0.2654, ambiguous_fraction=0.0000, protein_length=600"
PA1717,1,True,VFG000212,VFG000212(gb|NP_250408),pscD,11522,99.17369598898262,11522,0,0.0,1863,621,0,0.3035089911311582,1.72369728782288e-06,0.30351071482844605,433,0.6972624798711755,432,direct_ncbi_record,,,,,True,True,,/data2/B_Li/vfdb/workflow_clade_translatorX_solved_dup_solved/final_aln/VFG000212.nogap.dedup/VFG000212.nogap.dedup.nt_ali.fasta,"Selected VFG000212: genome_count=11522, usable_sequences=0, usable_sequence_fraction=0.0000, usable_codon_fraction=0.6973, gap_fraction=0.3035, ambiguous_fraction=0.0000, protein_length=432"
PA1871,1,True,VFG000145,VFG000145(gb|NP_250562),lasA,11572,99.6040626613875,11572,0,0.0,1824,608,0,0.3111783263139702,1.8003226178131122e-06,0.311180126636588,419,0.6891447368421053,418,direct_ncbi_record,,,,,True,True,,/data2/B_Li/vfdb/workflow_clade_translatorX_solved_dup_solved/final_aln/VFG000145.nogap.dedup/VFG000145.nogap.dedup.nt_ali.fasta,"Selected VFG000145: genome_count=11572, usable_sequences=0, usable_sequence_fraction=0.0000, usable_codon_fraction=0.6891, gap_fraction=0.3112, ambiguous_fraction=0.0000, protein_length=418"
PA2194,1,True,VFG015920,VFG015920(gb|NP_250884),hcnB,11332,97.53830263384404,11332,0,0.0,2289,763,0,0.39128977011712274,1.5420825856160397e-06,0.39129131219970836,465,0.6094364351245085,464,direct_ncbi_record,,,,,True,True,,/data2/B_Li/vfdb/workflow_clade_translatorX_solved_dup_solved/final_aln/VFG015920.nogap.dedup/VFG015920.nogap.dedup.nt_ali.fasta,"Selected VFG015920: genome_count=11332, usable_sequences=0, usable_sequence_fraction=0.0000, usable_codon_fraction=0.6094, gap_fraction=0.3913, ambiguous_fraction=0.0000, protein_length=464"
PA2195,1,True,VFG015926,VFG015926(gb|NP_250885),hcnC,11330,97.52108796694785,11330,0,0.0,2142,714,0,0.41515052622990944,1.6894077430913524e-06,0.41515221563765253,418,0.5854341736694678,417,direct_ncbi_record,,,,,True,True,,/data2/B_Li/vfdb/workflow_clade_translatorX_solved_dup_solved/final_aln/VFG015926.nogap.dedup/VFG015926.nogap.dedup.nt_ali.fasta,"Selected VFG015926: genome_count=11330, usable_sequences=0, usable_sequence_fraction=0.0000, usable_codon_fraction=0.5854, gap_fraction=0.4152, ambiguous_fraction=0.0000, protein_length=417"
PA2360,1,True,VFG051601,VFG051601(gb|WP_012614152.1),tssA,11496,98.94990531933206,11496,0,0.0,1830,610,0,0.3991441071448943,1.9013503390107654e-06,0.3991460084952333,366,0.6,366,blastp_best_hit_to_PAO1,99.18,100.0,0.0,710.0,True,True,,/data2/B_Li/vfdb/workflow_clade_translatorX_solved_dup_solved/final_aln/VFG051601.nogap.dedup/VFG051601.nogap.dedup.nt_ali.fasta,"Selected VFG051601: genome_count=11496, usable_sequences=0, usable_sequence_fraction=0.0000, usable_codon_fraction=0.6000, gap_fraction=0.3991, ambiguous_fraction=0.0000, protein_length=366"
PA2361,1,True,VFG051607,VFG051607(gb|WP_012075692.1),tssM,11509,99.06180065415734,11509,0,0.0,5919,1973,0,0.3556692470605322,1.291804348421887e-06,0.35567053886488065,1272,0.644703497212367,1271,blastp_best_hit_to_PAO1,99.056,100.0,0.0,2499.0,True,True,,/data2/B_Li/vfdb/workflow_clade_translatorX_solved_dup_solved/final_aln/VFG051607.nogap.dedup/VFG051607.nogap.dedup.nt_ali.fasta,"Selected VFG051607: genome_count=11509, usable_sequences=0, usable_sequence_fraction=0.0000, usable_codon_fraction=0.6447, gap_fraction=0.3557, ambiguous_fraction=0.0000, protein_length=1271"
PA2363,1,True,VFG041035,VFG041035(gb|NP_251053),tssK,11505,99.02737132036496,11505,0,0.0,1884,628,0,0.2937703629272236,1.7992730936701572e-06,0.29377216220031727,444,0.7070063694267515,443,direct_ncbi_record,,,,,True,True,,/data2/B_Li/vfdb/workflow_clade_translatorX_solved_dup_solved/final_aln/VFG041035.nogap.dedup/VFG041035.nogap.dedup.nt_ali.fasta,"Selected VFG041035: genome_count=11505, usable_sequences=0, usable_sequence_fraction=0.0000, usable_codon_fraction=0.7070, gap_fraction=0.2938, ambiguous_fraction=0.0000, protein_length=443"
PA2366,1,True,VFG041038,VFG041038(gb|NP_251056),tssC,11507,99.04458598726114,11507,0,0.0,2193,731,0,0.323002937485147,1.1492043285692474e-06,0.3230040866894756,495,0.6771545827633378,494,direct_ncbi_record,,,,,True,True,,/data2/B_Li/vfdb/workflow_clade_translatorX_solved_dup_solved/final_aln/VFG041038.nogap.dedup/VFG041038.nogap.dedup.nt_ali.fasta,"Selected VFG041038: genome_count=11507, usable_sequences=0, usable_sequence_fraction=0.0000, usable_codon_fraction=0.6772, gap_fraction=0.3230, ambiguous_fraction=0.0000, protein_length=494"
PA2369,1,True,VFG041041,VFG041041(gb|NP_251059),tssF,11492,98.91547598553969,11492,0,0.0,2898,966,0,0.3814092655328146,1.2911433332444545e-06,0.38141055667614787,598,0.6190476190476191,597,direct_ncbi_record,,,,,True,True,,/data2/B_Li/vfdb/workflow_clade_translatorX_solved_dup_solved/final_aln/VFG041041.nogap.dedup/VFG041041.nogap.dedup.nt_ali.fasta,"Selected VFG041041: genome_count=11492, usable_sequences=0, usable_sequence_fraction=0.0000, usable_codon_fraction=0.6190, gap_fraction=0.3814, ambiguous_fraction=0.0000, protein_length=597"
PA2370,1,True,VFG041042,VFG041042(gb|NP_251060),tssG,11364,97.81373730418316,11364,0,0.0,1332,444,0,0.23783280376469396,2.5764941287644562e-06,0.23783538025882273,339,0.7635135135135135,338,direct_ncbi_record,,,,,True,True,,/data2/B_Li/vfdb/workflow_clade_translatorX_solved_dup_solved/final_aln/VFG041042.nogap.dedup/VFG041042.nogap.dedup.nt_ali.fasta,"Selected VFG041042: genome_count=11364, usable_sequences=0, usable_sequence_fraction=0.0000, usable_codon_fraction=0.7635, gap_fraction=0.2378, ambiguous_fraction=0.0000, protein_length=338"
PA2371,1,True,VFG041043,VFG041043(gb|NP_251061),tssH,11521,99.16508865553452,11521,0,0.0,4200,1400,0,0.39463036442769106,1.3846350969864553e-06,0.39463174906278803,846,0.6042857142857143,849,direct_ncbi_record,,,,,True,True,,/data2/B_Li/vfdb/workflow_clade_translatorX_solved_dup_solved/final_aln/VFG041043.nogap.dedup/VFG041043.nogap.dedup.nt_ali.fasta,"Selected VFG041043: genome_count=11521, usable_sequences=0, usable_sequence_fraction=0.0000, usable_codon_fraction=0.6043, gap_fraction=0.3946, ambiguous_fraction=0.0000, protein_length=849"
PA2385,1,True,VFG015950,VFG015950(gb|NP_251075),pvdQ,11485,98.855224651403,11485,0,0.0,3387,1129,0,0.3243908467662793,1.4395999762980146e-06,0.32439228636625556,763,0.6758193091231178,762,direct_ncbi_record,,,,,True,True,,/data2/B_Li/vfdb/workflow_clade_translatorX_solved_dup_solved/final_aln/VFG015950.nogap.dedup/VFG015950.nogap.dedup.nt_ali.fasta,"Selected VFG015950: genome_count=11485, usable_sequences=0, usable_sequence_fraction=0.0000, usable_codon_fraction=0.6758, gap_fraction=0.3244, ambiguous_fraction=0.0000, protein_length=762"
PA2413,1,True,VFG016048,VFG016048(gb|WP_003089638),pvdH,11526,99.208125322775,11526,0,0.0,2382,794,0,0.408218894878341,1.4933564577759653e-06,0.4082203882347988,470,0.5919395465994962,469,blastp_best_hit_to_PAO1,100.0,100.0,0.0,937.0,True,True,,/data2/B_Li/vfdb/workflow_clade_translatorX_solved_dup_solved/final_aln/VFG016048.nogap.dedup/VFG016048.nogap.dedup.nt_ali.fasta,"Selected VFG016048: genome_count=11526, usable_sequences=0, usable_sequence_fraction=0.0000, usable_codon_fraction=0.5919, gap_fraction=0.4082, ambiguous_fraction=0.0000, protein_length=469"
PA2424,1,True,VFG016060,VFG016060(gb|WP_003139218),pvdL,11616,99.9827853331038,11616,0,0.0,25575,8525,0,0.4950796252312515,1.4507915734255377e-06,0.4950810760228249,4343,0.5094428152492668,4342,blastp_best_hit_to_PAO1,99.378,100.0,0.0,8669.0,True,True,,/data2/B_Li/vfdb/workflow_clade_translatorX_solved_dup_solved/final_aln/VFG016060.nogap.dedup/VFG016060.nogap.dedup.nt_ali.fasta,"Selected VFG016060: genome_count=11616, usable_sequences=0, usable_sequence_fraction=0.0000, usable_codon_fraction=0.5094, gap_fraction=0.4951, ambiguous_fraction=0.0000, protein_length=4342"
PA2684,1,True,VFG051484,VFG051484(gb|NP_251374.1),tse5/rhsP1,11570,99.58684799449132,11570,0,0.0,6792,2264,0,0.41885786623746685,1.1580047908312489e-06,0.4188590242422577,1318,0.5821554770318021,1317,direct_ncbi_record,,,,,True,True,,/data2/B_Li/vfdb/workflow_clade_translatorX_solved_dup_solved/final_aln/VFG051484.nogap.dedup/VFG051484.nogap.dedup.nt_ali.fasta,"Selected VFG051484: genome_count=11570, usable_sequences=0, usable_sequence_fraction=0.0000, usable_codon_fraction=0.5822, gap_fraction=0.4189, ambiguous_fraction=0.0000, protein_length=1317"
PA3115,1,True,VFG001230,VFG001230(gb|NP_251805),fimV,11519,99.14787398863832,11519,0,0.0,4848,1616,0,0.43097204231665465,6.267446781139612e-07,0.43097266906133275,920,0.5693069306930693,919,direct_ncbi_record,,,,,True,True,,/data2/B_Li/vfdb/workflow_clade_translatorX_solved_dup_solved/final_aln/VFG001230.nogap.dedup/VFG001230.nogap.dedup.nt_ali.fasta,"Selected VFG001230: genome_count=11519, usable_sequences=0, usable_sequence_fraction=0.0000, usable_codon_fraction=0.5693, gap_fraction=0.4310, ambiguous_fraction=0.0000, protein_length=919"
PA3141,1,True,VFG019790,VFG019790(gb|WP_003122257),PLES_RS09940,11315,97.39197796522636,11315,0,0.0,3189,1063,0,0.38424314580043223,6.92836774445741e-07,0.3842438386372067,639,0.6011288805268109,665,blastp_best_hit_to_PAO1,98.346,100.0,0.0,1330.0,True,True,,/data2/B_Li/vfdb/workflow_clade_translatorX_solved_dup_solved/final_aln/VFG019790.nogap.dedup/VFG019790.nogap.dedup.nt_ali.fasta,"Selected VFG019790: genome_count=11315, usable_sequences=0, usable_sequence_fraction=0.0000, usable_codon_fraction=0.6011, gap_fraction=0.3842, ambiguous_fraction=0.0000, protein_length=665"
PA3319,1,True,VFG015852,VFG015852(gb|NP_252009),plcN,11617,99.9913926665519,11617,0,0.0,2727,909,0,0.23769213454013044,5.366236316610342e-07,0.2376926711637621,693,0.7623762376237624,692,direct_ncbi_record,,,,,True,True,,/data2/B_Li/vfdb/workflow_clade_translatorX_solved_dup_solved/final_aln/VFG015852.nogap.dedup/VFG015852.nogap.dedup.nt_ali.fasta,"Selected VFG015852: genome_count=11617, usable_sequences=0, usable_sequence_fraction=0.0000, usable_codon_fraction=0.7624, gap_fraction=0.2377, ambiguous_fraction=0.0000, protein_length=692"
PA3478,1,True,VFG000155,VFG000155(gb|NP_252168),rhlB,11505,99.02737132036496,11505,0,0.0,1701,567,0,0.24788394279919704,7.664791092286385e-07,0.24788470927830628,427,0.7530864197530864,426,direct_ncbi_record,,,,,True,True,,/data2/B_Li/vfdb/workflow_clade_translatorX_solved_dup_solved/final_aln/VFG000155.nogap.dedup/VFG000155.nogap.dedup.nt_ali.fasta,"Selected VFG000155: genome_count=11505, usable_sequences=0, usable_sequence_fraction=0.0000, usable_codon_fraction=0.7531, gap_fraction=0.2479, ambiguous_fraction=0.0000, protein_length=426"
PA3484,1,True,VFG041047,VFG041047(gb|NP_252174),tse3,11617,99.9913926665519,11617,1,8.608074373762589e-05,1563,521,0,0.21522515566818567,4.956664706581145e-07,0.21522565133465632,409,0.7850287907869482,408,direct_ncbi_record,,,,,True,True,,/data2/B_Li/vfdb/workflow_clade_translatorX_solved_dup_solved/final_aln/VFG041047.nogap.dedup/VFG041047.nogap.dedup.nt_ali.fasta,"Selected VFG041047: genome_count=11617, usable_sequences=1, usable_sequence_fraction=0.0001, usable_codon_fraction=0.7850, gap_fraction=0.2152, ambiguous_fraction=0.0000, protein_length=408"
PA3540,1,True,VFG000122,VFG000122(gb|NP_252230),algD,11617,99.9913926665519,11617,0,0.0,1956,652,0,0.33373042257195534,1.3642653659848685e-06,0.33373178683732135,437,0.6702453987730062,436,direct_ncbi_record,,,,,True,True,,/data2/B_Li/vfdb/workflow_clade_translatorX_solved_dup_solved/final_aln/VFG000122.nogap.dedup/VFG000122.nogap.dedup.nt_ali.fasta,"Selected VFG000122: genome_count=11617, usable_sequences=0, usable_sequence_fraction=0.0000, usable_codon_fraction=0.6702, gap_fraction=0.3337, ambiguous_fraction=0.0000, protein_length=436"
PA3541,1,True,VFG000123,VFG000123(gb|NP_252231),alg8,11617,99.9913926665519,11617,0,0.0,1911,637,0,0.22298980179672268,4.954935536964337e-07,0.22299029729027636,495,0.7770800627943485,494,direct_ncbi_record,,,,,True,True,,/data2/B_Li/vfdb/workflow_clade_translatorX_solved_dup_solved/final_aln/VFG000123.nogap.dedup/VFG000123.nogap.dedup.nt_ali.fasta,"Selected VFG000123: genome_count=11617, usable_sequences=0, usable_sequence_fraction=0.0000, usable_codon_fraction=0.7771, gap_fraction=0.2230, ambiguous_fraction=0.0000, protein_length=494"
PA3542,1,True,VFG000124,VFG000124(gb|NP_252232),alg44,11617,99.9913926665519,11617,0,0.0,1890,630,0,0.3809799814448175,4.554536705694492e-07,0.38098043689848804,390,0.6190476190476191,389,direct_ncbi_record,,,,,True,True,,/data2/B_Li/vfdb/workflow_clade_translatorX_solved_dup_solved/final_aln/VFG000124.nogap.dedup/VFG000124.nogap.dedup.nt_ali.fasta,"Selected VFG000124: genome_count=11617, usable_sequences=0, usable_sequence_fraction=0.0000, usable_codon_fraction=0.6190, gap_fraction=0.3810, ambiguous_fraction=0.0000, protein_length=389"
PA3543,1,True,VFG014783,VFG014783(gb|WP_012074768),algK,11617,99.9913926665519,11617,0,0.0,2052,684,0,0.3041943723329442,5.872955225763949e-07,0.3041949596284668,476,0.695906432748538,475,blastp_best_hit_to_PAO1,98.316,100.0,0.0,923.0,True,True,,/data2/B_Li/vfdb/workflow_clade_translatorX_solved_dup_solved/final_aln/VFG014783.nogap.dedup/VFG014783.nogap.dedup.nt_ali.fasta,"Selected VFG014783: genome_count=11617, usable_sequences=0, usable_sequence_fraction=0.0000, usable_codon_fraction=0.6959, gap_fraction=0.3042, ambiguous_fraction=0.0000, protein_length=475"
PA3544,1,True,VFG000126,VFG000126(gb|NP_252234),algE,11617,99.9913926665519,11617,11612,0.9995695962813119,1830,610,0,0.19513305119546398,5.644638933614813e-07,0.19513361565935733,491,0.8049180327868852,490,direct_ncbi_record,,,,,True,True,,/data2/B_Li/vfdb/workflow_clade_translatorX_solved_dup_solved/final_aln/VFG000126.nogap.dedup/VFG000126.nogap.dedup.nt_ali.fasta,"Selected VFG000126: genome_count=11617, usable_sequences=11612, usable_sequence_fraction=0.9996, usable_codon_fraction=0.8049, gap_fraction=0.1951, ambiguous_fraction=0.0000, protein_length=490"
PA3545,1,True,VFG000127,VFG000127(gb|NP_252235),algG,11617,99.9913926665519,11617,0,0.0,2376,792,0,0.3134560723008687,1.4854000392435445e-06,0.31345755770090794,544,0.6868686868686869,543,direct_ncbi_record,,,,,True,True,,/data2/B_Li/vfdb/workflow_clade_translatorX_solved_dup_solved/final_aln/VFG000127.nogap.dedup/VFG000127.nogap.dedup.nt_ali.fasta,"Selected VFG000127: genome_count=11617, usable_sequences=0, usable_sequence_fraction=0.0000, usable_codon_fraction=0.6869, gap_fraction=0.3135, ambiguous_fraction=0.0000, protein_length=543"
PA3546,1,True,VFG000128,VFG000128(gb|NP_252236),algX,11617,99.9913926665519,11617,0,0.0,2073,691,0,0.3126268242795534,6.643955136526842e-07,0.31262748867506707,475,0.6874095513748191,474,direct_ncbi_record,,,,,True,True,,/data2/B_Li/vfdb/workflow_clade_translatorX_solved_dup_solved/final_aln/VFG000128.nogap.dedup/VFG000128.nogap.dedup.nt_ali.fasta,"Selected VFG000128: genome_count=11617, usable_sequences=0, usable_sequence_fraction=0.0000, usable_codon_fraction=0.6874, gap_fraction=0.3126, ambiguous_fraction=0.0000, protein_length=474"
PA3547,1,True,VFG000129,VFG000129(gb|NP_252237),algL,11617,99.9913926665519,11617,0,0.0,1533,511,0,0.2798607951401271,8.98429158383571e-07,0.27986169356928553,368,0.7201565557729941,367,direct_ncbi_record,,,,,True,True,,/data2/B_Li/vfdb/workflow_clade_translatorX_solved_dup_solved/final_aln/VFG000129.nogap.dedup/VFG000129.nogap.dedup.nt_ali.fasta,"Selected VFG000129: genome_count=11617, usable_sequences=0, usable_sequence_fraction=0.0000, usable_codon_fraction=0.7202, gap_fraction=0.2799, ambiguous_fraction=0.0000, protein_length=367"
PA3548,1,True,VFG014844,VFG014844(gb|WP_012074763),algI,11617,99.9913926665519,11617,0,0.0,1989,663,0,0.21465655146518384,6.491760462867715e-07,0.21465720064123012,521,0.7858220211161387,520,blastp_best_hit_to_PAO1,97.692,100.0,0.0,1034.0,True,True,,/data2/B_Li/vfdb/workflow_clade_translatorX_solved_dup_solved/final_aln/VFG014844.nogap.dedup/VFG014844.nogap.dedup.nt_ali.fasta,"Selected VFG014844: genome_count=11617, usable_sequences=0, usable_sequence_fraction=0.0000, usable_codon_fraction=0.7858, gap_fraction=0.2147, ambiguous_fraction=0.0000, protein_length=520"
PA3549,1,True,VFG000131,VFG000131(gb|NP_252239),algJ,11616,99.9827853331038,11616,0,0.0,1827,609,0,0.3566803276834625,1.0366389676734504e-06,0.35668136432243014,392,0.6436781609195402,391,direct_ncbi_record,,,,,True,True,,/data2/B_Li/vfdb/workflow_clade_translatorX_solved_dup_solved/final_aln/VFG000131.nogap.dedup/VFG000131.nogap.dedup.nt_ali.fasta,"Selected VFG000131: genome_count=11616, usable_sequences=0, usable_sequence_fraction=0.0000, usable_codon_fraction=0.6437, gap_fraction=0.3567, ambiguous_fraction=0.0000, protein_length=391"
PA3551,1,True,VFG000133,VFG000133(gb|NP_252241),algA,11617,99.9913926665519,11617,11545,0.9938021864508909,1806,602,0,0.19965341776300455,9.056113682253001e-07,0.19965432337437278,482,0.8006644518272426,481,direct_ncbi_record,,,,,True,True,,/data2/B_Li/vfdb/workflow_clade_translatorX_solved_dup_solved/final_aln/VFG000133.nogap.dedup/VFG000133.nogap.dedup.nt_ali.fasta,"Selected VFG000133: genome_count=11617, usable_sequences=11545, usable_sequence_fraction=0.9938, usable_codon_fraction=0.8007, gap_fraction=0.1997, ambiguous_fraction=0.0000, protein_length=481"
PA3649,1,True,VFG015000,VFG015000(gb|NP_252339),mucP,11617,99.9913926665519,11617,0,0.0,2010,670,0,0.3271303378091037,9.421772946406814e-07,0.32713127998639835,451,0.673134328358209,450,direct_ncbi_record,,,,,True,True,,/data2/B_Li/vfdb/workflow_clade_translatorX_solved_dup_solved/final_aln/VFG015000.nogap.dedup/VFG015000.nogap.dedup.nt_ali.fasta,"Selected VFG015000: genome_count=11617, usable_sequences=0, usable_sequence_fraction=0.0000, usable_codon_fraction=0.6731, gap_fraction=0.3271, ambiguous_fraction=0.0000, protein_length=450"
PA3724,1,True,VFG000146,VFG000146(gb|NP_252413),lasB,11575,99.6298846617318,11575,0,0.0,2103,701,0,0.28826206314336505,2.875661530529769e-07,0.2882623507095181,499,0.7118402282453637,498,direct_ncbi_record,,,,,True,True,,/data2/B_Li/vfdb/workflow_clade_translatorX_solved_dup_solved/final_aln/VFG000146.nogap.dedup/VFG000146.nogap.dedup.nt_ali.fasta,"Selected VFG000146: genome_count=11575, usable_sequences=0, usable_sequence_fraction=0.0000, usable_codon_fraction=0.7118, gap_fraction=0.2883, ambiguous_fraction=0.0000, protein_length=498"
PA4175,1,True,VFG015846,VFG015846(gb|NP_252864),prpL,11548,99.39748665863316,11548,0,0.0,1986,662,0,0.3008260804502316,5.232331202379246e-07,0.30082660368335185,463,0.6993957703927492,462,direct_ncbi_record,,,,,True,True,,/data2/B_Li/vfdb/workflow_clade_translatorX_solved_dup_solved/final_aln/VFG015846.nogap.dedup/VFG015846.nogap.dedup.nt_ali.fasta,"Selected VFG015846: genome_count=11548, usable_sequences=0, usable_sequence_fraction=0.0000, usable_codon_fraction=0.6994, gap_fraction=0.3008, ambiguous_fraction=0.0000, protein_length=462"
PA4209,1,True,VFG020036,VFG020036(gb|WP_003093617),phzM,11506,99.03597865381305,11506,0,0.0,1554,518,0,0.35330685282884133,8.38910972754185e-07,0.3533076917398141,335,0.6467181467181468,334,blastp_best_hit_to_PAO1,100.0,100.0,0.0,672.0,True,True,,/data2/B_Li/vfdb/workflow_clade_translatorX_solved_dup_solved/final_aln/VFG020036.nogap.dedup/VFG020036.nogap.dedup.nt_ali.fasta,"Selected VFG020036: genome_count=11506, usable_sequences=0, usable_sequence_fraction=0.0000, usable_codon_fraction=0.6467, gap_fraction=0.3533, ambiguous_fraction=0.0000, protein_length=334"
PA4214,1,True,VFG015515,VFG015515(gb|NP_252903),phzE1,11524,99.1909106558788,11524,0,0.0,4794,1598,0,0.6691813982160102,9.521041646846248e-05,0.6692766086324786,402,0.25156445556946183,627,direct_ncbi_record,,,,,True,True,,/data2/B_Li/vfdb/workflow_clade_translatorX_solved_dup_solved/final_aln/VFG015515.nogap.dedup/VFG015515.nogap.dedup.nt_ali.fasta,"Selected VFG015515: genome_count=11524, usable_sequences=0, usable_sequence_fraction=0.0000, usable_codon_fraction=0.2516, gap_fraction=0.6692, ambiguous_fraction=0.0001, protein_length=627"
PA4217,1,True,VFG000173,VFG000173(gb|NP_252907),phzS,11589,99.75038733000515,11589,0,0.0,1833,611,0,0.3411672477385929,1.3181037740276783e-06,0.34116856584236693,403,0.6595744680851063,402,direct_ncbi_record,,,,,True,True,,/data2/B_Li/vfdb/workflow_clade_translatorX_solved_dup_solved/final_aln/VFG000173.nogap.dedup/VFG000173.nogap.dedup.nt_ali.fasta,"Selected VFG000173: genome_count=11589, usable_sequences=0, usable_sequence_fraction=0.0000, usable_codon_fraction=0.6596, gap_fraction=0.3412, ambiguous_fraction=0.0000, protein_length=402"
PA4221,1,True,VFG000164,VFG000164(gb|NP_252911),fptA,11560,99.50077466001032,11560,0,0.0,3192,1064,0,0.3230977801337253,3.2520748237375446e-07,0.3230981053412077,721,0.6776315789473685,720,direct_ncbi_record,,,,,True,True,,/data2/B_Li/vfdb/workflow_clade_translatorX_solved_dup_solved/final_aln/VFG000164.nogap.dedup/VFG000164.nogap.dedup.nt_ali.fasta,"Selected VFG000164: genome_count=11560, usable_sequences=0, usable_sequence_fraction=0.0000, usable_codon_fraction=0.6776, gap_fraction=0.3231, ambiguous_fraction=0.0000, protein_length=720"
PA4222,1,True,VFG001266,VFG001266(gb|NP_252912),pchI,11559,99.49216732656222,11559,0,0.0,3594,1198,0,0.5219667089408899,7.221425217592374e-07,0.5219674310834117,575,0.47996661101836396,574,direct_ncbi_record,,,,,True,True,,/data2/B_Li/vfdb/workflow_clade_translatorX_solved_dup_solved/final_aln/VFG001266.nogap.dedup/VFG001266.nogap.dedup.nt_ali.fasta,"Selected VFG001266: genome_count=11559, usable_sequences=0, usable_sequence_fraction=0.0000, usable_codon_fraction=0.4800, gap_fraction=0.5220, ambiguous_fraction=0.0000, protein_length=574"
PA4223,1,True,VFG001267,VFG001267(gb|NP_252913),pchH,11546,99.38027199173696,11546,0,0.0,3318,1106,0,0.49731704520858305,1.0963301444743864e-06,0.49731814153872755,571,0.5162748643761302,570,direct_ncbi_record,,,,,True,True,,/data2/B_Li/vfdb/workflow_clade_translatorX_solved_dup_solved/final_aln/VFG001267.nogap.dedup/VFG001267.nogap.dedup.nt_ali.fasta,"Selected VFG001267: genome_count=11546, usable_sequences=0, usable_sequence_fraction=0.0000, usable_codon_fraction=0.5163, gap_fraction=0.4973, ambiguous_fraction=0.0000, protein_length=570"
PA4224,1,True,VFG001268,VFG001268(gb|NP_252914),pchG,11554,99.44913065932174,11554,0,0.0,1845,615,0,0.4313929220303108,7.505700814321627e-07,0.43139367260039224,350,0.5691056910569106,349,direct_ncbi_record,,,,,True,True,,/data2/B_Li/vfdb/workflow_clade_translatorX_solved_dup_solved/final_aln/VFG001268.nogap.dedup/VFG001268.nogap.dedup.nt_ali.fasta,"Selected VFG001268: genome_count=11554, usable_sequences=0, usable_sequence_fraction=0.0000, usable_codon_fraction=0.5691, gap_fraction=0.4314, ambiguous_fraction=0.0000, protein_length=349"
PA4225,1,True,VFG016117,VFG016117(gb|WP_012074237),pchF,11608,99.91392666551904,11608,0,0.0,12384,4128,0,0.5701715503608845,6.956353722016537e-07,0.5701722459962567,1810,0.438468992248062,1809,blastp_best_hit_to_PAO1,96.96,100.0,0.0,3467.0,True,True,,/data2/B_Li/vfdb/workflow_clade_translatorX_solved_dup_solved/final_aln/VFG016117.nogap.dedup/VFG016117.nogap.dedup.nt_ali.fasta,"Selected VFG016117: genome_count=11608, usable_sequences=0, usable_sequence_fraction=0.0000, usable_codon_fraction=0.4385, gap_fraction=0.5702, ambiguous_fraction=0.0000, protein_length=1809"
PA4226,1,True,VFG020090,VFG020090(gb|WP_012613542),pchE,11577,99.647099328628,11577,0,0.0,8457,2819,0,0.4953556646165412,1.133732548140812e-06,0.4953567983490893,1439,0.5104647037956722,1438,blastp_best_hit_to_PAO1,99.374,100.0,0.0,2769.0,True,True,,/data2/B_Li/vfdb/workflow_clade_translatorX_solved_dup_solved/final_aln/VFG020090.nogap.dedup/VFG020090.nogap.dedup.nt_ali.fasta,"Selected VFG020090: genome_count=11577, usable_sequences=0, usable_sequence_fraction=0.0000, usable_codon_fraction=0.5105, gap_fraction=0.4954, ambiguous_fraction=0.0000, protein_length=1438"
PA4228,1,True,VFG020092,VFG020092(gb|WP_003118945),pchD,11579,99.6643139955242,11579,0,0.0,2547,849,0,0.35482109838787596,6.103409456073304e-07,0.35482170872882157,548,0.6454652532391049,547,blastp_best_hit_to_PAO1,99.452,100.0,0.0,1102.0,True,True,,/data2/B_Li/vfdb/workflow_clade_translatorX_solved_dup_solved/final_aln/VFG020092.nogap.dedup/VFG020092.nogap.dedup.nt_ali.fasta,"Selected VFG020092: genome_count=11579, usable_sequences=0, usable_sequence_fraction=0.0000, usable_codon_fraction=0.6455, gap_fraction=0.3548, ambiguous_fraction=0.0000, protein_length=547"
PA4231,1,True,VFG000171,VFG000171(gb|NP_252921),pchA,11575,99.6298846617318,11575,0,0.0,2259,753,0,0.36674359437699167,8.031230011559235e-07,0.3667443974999928,477,0.6334661354581673,476,direct_ncbi_record,,,,,True,True,,/data2/B_Li/vfdb/workflow_clade_translatorX_solved_dup_solved/final_aln/VFG000171.nogap.dedup/VFG000171.nogap.dedup.nt_ali.fasta,"Selected VFG000171: genome_count=11575, usable_sequences=0, usable_sequence_fraction=0.0000, usable_codon_fraction=0.6335, gap_fraction=0.3667, ambiguous_fraction=0.0000, protein_length=476"
PA4446,1,True,VFG014986,VFG014986(gb|WP_003094320),algW,11579,99.6643139955242,11579,0,0.0,1743,581,0,0.3291129305694519,6.93680673119978e-07,0.329113624250125,390,0.6712564543889845,389,blastp_best_hit_to_PAO1,99.486,100.0,0.0,775.0,True,True,,/data2/B_Li/vfdb/workflow_clade_translatorX_solved_dup_solved/final_aln/VFG014986.nogap.dedup/VFG014986.nogap.dedup.nt_ali.fasta,"Selected VFG014986: genome_count=11579, usable_sequences=0, usable_sequence_fraction=0.0000, usable_codon_fraction=0.6713, gap_fraction=0.3291, ambiguous_fraction=0.0000, protein_length=389"
PA4546,1,True,VFG001213,VFG001213(gb|NP_253236),pilS,11577,99.647099328628,11577,0,0.0,2457,819,0,0.3520278249482707,2.812475819299694e-07,0.3520281061958526,531,0.6483516483516484,530,direct_ncbi_record,,,,,True,True,,/data2/B_Li/vfdb/workflow_clade_translatorX_solved_dup_solved/final_aln/VFG001213.nogap.dedup/VFG001213.nogap.dedup.nt_ali.fasta,"Selected VFG001213: genome_count=11577, usable_sequences=0, usable_sequence_fraction=0.0000, usable_codon_fraction=0.6484, gap_fraction=0.3520, ambiguous_fraction=0.0000, protein_length=530"
PA4547,1,True,VFG001214,VFG001214(gb|NP_253237),pilR,11576,99.63849199517988,11576,0,0.0,2079,693,0,0.3573267226515326,5.817213833799874e-07,0.357327304372916,446,0.6435786435786436,445,direct_ncbi_record,,,,,True,True,,/data2/B_Li/vfdb/workflow_clade_translatorX_solved_dup_solved/final_aln/VFG001214.nogap.dedup/VFG001214.nogap.dedup.nt_ali.fasta,"Selected VFG001214: genome_count=11576, usable_sequences=0, usable_sequence_fraction=0.0000, usable_codon_fraction=0.6436, gap_fraction=0.3573, ambiguous_fraction=0.0000, protein_length=445"
PA4953,1,True,VFG014681,VFG014681(gb|NP_253640),motB,11552,99.43191599242554,11552,0,0.0,1431,477,0,0.2709220761685744,7.864054929334813e-07,0.27092286257406734,348,0.7295597484276729,347,direct_ncbi_record,,,,,True,True,,/data2/B_Li/vfdb/workflow_clade_translatorX_solved_dup_solved/final_aln/VFG014681.nogap.dedup/VFG014681.nogap.dedup.nt_ali.fasta,"Selected VFG014681: genome_count=11552, usable_sequences=0, usable_sequence_fraction=0.0000, usable_codon_fraction=0.7296, gap_fraction=0.2709, ambiguous_fraction=0.0000, protein_length=347"
PA5044,1,True,VFG001222,VFG001222(gb|NP_253731),pilM,11613,99.95696333275951,11613,0,0.0,1581,527,0,0.32664744133668167,5.991235476087808e-07,0.32664804046022927,355,0.6736242884250474,354,direct_ncbi_record,,,,,True,True,,/data2/B_Li/vfdb/workflow_clade_translatorX_solved_dup_solved/final_aln/VFG001222.nogap.dedup/VFG001222.nogap.dedup.nt_ali.fasta,"Selected VFG001222: genome_count=11613, usable_sequences=0, usable_sequence_fraction=0.0000, usable_codon_fraction=0.6736, gap_fraction=0.3266, ambiguous_fraction=0.0000, protein_length=354"
PA5089,1,True,VFG051661,VFG051661(gb|WP_012614635.1),pldB/tle5b,11562,99.51798932690652,11562,0,0.0,3648,1216,0,0.4090339041688289,2.607983806601784e-07,0.40903416496720957,705,0.5797697368421053,745,blastp_best_hit_to_PAO1,97.047,100.0,0.0,1493.0,True,True,,/data2/B_Li/vfdb/workflow_clade_translatorX_solved_dup_solved/final_aln/VFG051661.nogap.dedup/VFG051661.nogap.dedup.nt_ali.fasta,"Selected VFG051661: genome_count=11562, usable_sequences=0, usable_sequence_fraction=0.0000, usable_codon_fraction=0.5798, gap_fraction=0.4090, ambiguous_fraction=0.0000, protein_length=745"
PA5262,1,True,VFG000120,VFG000120(gb|NP_253949),algZ,11608,99.91392666551904,11608,0,0.0,1440,480,0,0.252145251837813,3.589478520560533e-07,0.25214561078566505,359,0.7479166666666667,358,direct_ncbi_record,,,,,True,True,,/data2/B_Li/vfdb/workflow_clade_translatorX_solved_dup_solved/final_aln/VFG000120.nogap.dedup/VFG000120.nogap.dedup.nt_ali.fasta,"Selected VFG000120: genome_count=11608, usable_sequences=0, usable_sequence_fraction=0.0000, usable_codon_fraction=0.7479, gap_fraction=0.2521, ambiguous_fraction=0.0000, protein_length=358"
PA5322,1,True,VFG014893,VFG014893(gb|NP_254009),algC,11579,99.6643139955242,11579,0,0.0,3888,1296,0,0.3300851824130317,4.4425536935924517e-07,0.3300856266684011,869,0.6705246913580247,868,direct_ncbi_record,,,,,True,True,,/data2/B_Li/vfdb/workflow_clade_translatorX_solved_dup_solved/final_aln/VFG014893.nogap.dedup/VFG014893.nogap.dedup.nt_ali.fasta,"Selected VFG014893: genome_count=11579, usable_sequences=0, usable_sequence_fraction=0.0000, usable_codon_fraction=0.6705, gap_fraction=0.3301, ambiguous_fraction=0.0000, protein_length=868"
