VFC_ID,VFDB_lookup_note,VFDB_lookup_status,VFDB_record_url,VFG_ID,VF_category,VF_category_count
,"VFDB page was retrieved, but no VFcategory/VFC link could be parsed.",category_not_found,https://www.mgc.ac.cn/cgi-bin/VFs/gene.cgi?GeneID=VFG000115,VFG000115,,0
,"VFDB page was retrieved, but no VFcategory/VFC link could be parsed.",category_not_found,https://www.mgc.ac.cn/cgi-bin/VFs/gene.cgi?GeneID=VFG000116,VFG000116,,0
,"VFDB page was retrieved, but no VFcategory/VFC link could be parsed.",category_not_found,https://www.mgc.ac.cn/cgi-bin/VFs/gene.cgi?GeneID=VFG000120,VFG000120,,0
,"VFDB page was retrieved, but no VFcategory/VFC link could be parsed.",category_not_found,https://www.mgc.ac.cn/cgi-bin/VFs/gene.cgi?GeneID=VFG000122,VFG000122,,0
,"VFDB page was retrieved, but no VFcategory/VFC link could be parsed.",category_not_found,https://www.mgc.ac.cn/cgi-bin/VFs/gene.cgi?GeneID=VFG000123,VFG000123,,0
,"VFDB page was retrieved, but no VFcategory/VFC link could be parsed.",category_not_found,https://www.mgc.ac.cn/cgi-bin/VFs/gene.cgi?GeneID=VFG000124,VFG000124,,0
,"VFDB page was retrieved, but no VFcategory/VFC link could be parsed.",category_not_found,https://www.mgc.ac.cn/cgi-bin/VFs/gene.cgi?GeneID=VFG000126,VFG000126,,0
,"VFDB page was retrieved, but no VFcategory/VFC link could be parsed.",category_not_found,https://www.mgc.ac.cn/cgi-bin/VFs/gene.cgi?GeneID=VFG000127,VFG000127,,0
,"VFDB page was retrieved, but no VFcategory/VFC link could be parsed.",category_not_found,https://www.mgc.ac.cn/cgi-bin/VFs/gene.cgi?GeneID=VFG000128,VFG000128,,0
,"VFDB page was retrieved, but no VFcategory/VFC link could be parsed.",category_not_found,https://www.mgc.ac.cn/cgi-bin/VFs/gene.cgi?GeneID=VFG000129,VFG000129,,0
,"VFDB page was retrieved, but no VFcategory/VFC link could be parsed.",category_not_found,https://www.mgc.ac.cn/cgi-bin/VFs/gene.cgi?GeneID=VFG000131,VFG000131,,0
,"VFDB page was retrieved, but no VFcategory/VFC link could be parsed.",category_not_found,https://www.mgc.ac.cn/cgi-bin/VFs/gene.cgi?GeneID=VFG000133,VFG000133,,0
,"VFDB page was retrieved, but no VFcategory/VFC link could be parsed.",category_not_found,https://www.mgc.ac.cn/cgi-bin/VFs/gene.cgi?GeneID=VFG000139,VFG000139,,0
,"VFDB page was retrieved, but no VFcategory/VFC link could be parsed.",category_not_found,https://www.mgc.ac.cn/cgi-bin/VFs/gene.cgi?GeneID=VFG000141,VFG000141,,0
,"VFDB page was retrieved, but no VFcategory/VFC link could be parsed.",category_not_found,https://www.mgc.ac.cn/cgi-bin/VFs/gene.cgi?GeneID=VFG000142,VFG000142,,0
,"VFDB page was retrieved, but no VFcategory/VFC link could be parsed.",category_not_found,https://www.mgc.ac.cn/cgi-bin/VFs/gene.cgi?GeneID=VFG000143,VFG000143,,0
,"VFDB page was retrieved, but no VFcategory/VFC link could be parsed.",category_not_found,https://www.mgc.ac.cn/cgi-bin/VFs/gene.cgi?GeneID=VFG000144,VFG000144,,0
,"VFDB page was retrieved, but no VFcategory/VFC link could be parsed.",category_not_found,https://www.mgc.ac.cn/cgi-bin/VFs/gene.cgi?GeneID=VFG000145,VFG000145,,0
,"VFDB page was retrieved, but no VFcategory/VFC link could be parsed.",category_not_found,https://www.mgc.ac.cn/cgi-bin/VFs/gene.cgi?GeneID=VFG000146,VFG000146,,0
,"VFDB page was retrieved, but no VFcategory/VFC link could be parsed.",category_not_found,https://www.mgc.ac.cn/cgi-bin/VFs/gene.cgi?GeneID=VFG000155,VFG000155,,0
,"VFDB page was retrieved, but no VFcategory/VFC link could be parsed.",category_not_found,https://www.mgc.ac.cn/cgi-bin/VFs/gene.cgi?GeneID=VFG000157,VFG000157,,0
,"VFDB page was retrieved, but no VFcategory/VFC link could be parsed.",category_not_found,https://www.mgc.ac.cn/cgi-bin/VFs/gene.cgi?GeneID=VFG000164,VFG000164,,0
,"VFDB page was retrieved, but no VFcategory/VFC link could be parsed.",category_not_found,https://www.mgc.ac.cn/cgi-bin/VFs/gene.cgi?GeneID=VFG000171,VFG000171,,0
,"VFDB page was retrieved, but no VFcategory/VFC link could be parsed.",category_not_found,https://www.mgc.ac.cn/cgi-bin/VFs/gene.cgi?GeneID=VFG000173,VFG000173,,0
,"VFDB page was retrieved, but no VFcategory/VFC link could be parsed.",category_not_found,https://www.mgc.ac.cn/cgi-bin/VFs/gene.cgi?GeneID=VFG000175,VFG000175,,0
,"VFDB page was retrieved, but no VFcategory/VFC link could be parsed.",category_not_found,https://www.mgc.ac.cn/cgi-bin/VFs/gene.cgi?GeneID=VFG000176,VFG000176,,0
,"VFDB page was retrieved, but no VFcategory/VFC link could be parsed.",category_not_found,https://www.mgc.ac.cn/cgi-bin/VFs/gene.cgi?GeneID=VFG000181,VFG000181,,0
,"VFDB page was retrieved, but no VFcategory/VFC link could be parsed.",category_not_found,https://www.mgc.ac.cn/cgi-bin/VFs/gene.cgi?GeneID=VFG000182,VFG000182,,0
,"VFDB page was retrieved, but no VFcategory/VFC link could be parsed.",category_not_found,https://www.mgc.ac.cn/cgi-bin/VFs/gene.cgi?GeneID=VFG000198,VFG000198,,0
,"VFDB page was retrieved, but no VFcategory/VFC link could be parsed.",category_not_found,https://www.mgc.ac.cn/cgi-bin/VFs/gene.cgi?GeneID=VFG000203,VFG000203,,0
,"VFDB page was retrieved, but no VFcategory/VFC link could be parsed.",category_not_found,https://www.mgc.ac.cn/cgi-bin/VFs/gene.cgi?GeneID=VFG000211,VFG000211,,0
,"VFDB page was retrieved, but no VFcategory/VFC link could be parsed.",category_not_found,https://www.mgc.ac.cn/cgi-bin/VFs/gene.cgi?GeneID=VFG000212,VFG000212,,0
,"VFDB page was retrieved, but no VFcategory/VFC link could be parsed.",category_not_found,https://www.mgc.ac.cn/cgi-bin/VFs/gene.cgi?GeneID=VFG001213,VFG001213,,0
,"VFDB page was retrieved, but no VFcategory/VFC link could be parsed.",category_not_found,https://www.mgc.ac.cn/cgi-bin/VFs/gene.cgi?GeneID=VFG001214,VFG001214,,0
,"VFDB page was retrieved, but no VFcategory/VFC link could be parsed.",category_not_found,https://www.mgc.ac.cn/cgi-bin/VFs/gene.cgi?GeneID=VFG001222,VFG001222,,0
,"VFDB page was retrieved, but no VFcategory/VFC link could be parsed.",category_not_found,https://www.mgc.ac.cn/cgi-bin/VFs/gene.cgi?GeneID=VFG001223,VFG001223,,0
,"VFDB page was retrieved, but no VFcategory/VFC link could be parsed.",category_not_found,https://www.mgc.ac.cn/cgi-bin/VFs/gene.cgi?GeneID=VFG001224,VFG001224,,0
,"VFDB page was retrieved, but no VFcategory/VFC link could be parsed.",category_not_found,https://www.mgc.ac.cn/cgi-bin/VFs/gene.cgi?GeneID=VFG001230,VFG001230,,0
,"VFDB page was retrieved, but no VFcategory/VFC link could be parsed.",category_not_found,https://www.mgc.ac.cn/cgi-bin/VFs/gene.cgi?GeneID=VFG001238,VFG001238,,0
,"VFDB page was retrieved, but no VFcategory/VFC link could be parsed.",category_not_found,https://www.mgc.ac.cn/cgi-bin/VFs/gene.cgi?GeneID=VFG001242,VFG001242,,0
,"VFDB page was retrieved, but no VFcategory/VFC link could be parsed.",category_not_found,https://www.mgc.ac.cn/cgi-bin/VFs/gene.cgi?GeneID=VFG001249,VFG001249,,0
,"VFDB page was retrieved, but no VFcategory/VFC link could be parsed.",category_not_found,https://www.mgc.ac.cn/cgi-bin/VFs/gene.cgi?GeneID=VFG001251,VFG001251,,0
,"VFDB page was retrieved, but no VFcategory/VFC link could be parsed.",category_not_found,https://www.mgc.ac.cn/cgi-bin/VFs/gene.cgi?GeneID=VFG001252,VFG001252,,0
,"VFDB page was retrieved, but no VFcategory/VFC link could be parsed.",category_not_found,https://www.mgc.ac.cn/cgi-bin/VFs/gene.cgi?GeneID=VFG001254,VFG001254,,0
,"VFDB page was retrieved, but no VFcategory/VFC link could be parsed.",category_not_found,https://www.mgc.ac.cn/cgi-bin/VFs/gene.cgi?GeneID=VFG001262,VFG001262,,0
,"VFDB page was retrieved, but no VFcategory/VFC link could be parsed.",category_not_found,https://www.mgc.ac.cn/cgi-bin/VFs/gene.cgi?GeneID=VFG001263,VFG001263,,0
,"VFDB page was retrieved, but no VFcategory/VFC link could be parsed.",category_not_found,https://www.mgc.ac.cn/cgi-bin/VFs/gene.cgi?GeneID=VFG001264,VFG001264,,0
,"VFDB page was retrieved, but no VFcategory/VFC link could be parsed.",category_not_found,https://www.mgc.ac.cn/cgi-bin/VFs/gene.cgi?GeneID=VFG001266,VFG001266,,0
,"VFDB page was retrieved, but no VFcategory/VFC link could be parsed.",category_not_found,https://www.mgc.ac.cn/cgi-bin/VFs/gene.cgi?GeneID=VFG001267,VFG001267,,0
,"VFDB page was retrieved, but no VFcategory/VFC link could be parsed.",category_not_found,https://www.mgc.ac.cn/cgi-bin/VFs/gene.cgi?GeneID=VFG001268,VFG001268,,0
,"VFDB page was retrieved, but no VFcategory/VFC link could be parsed.",category_not_found,https://www.mgc.ac.cn/cgi-bin/VFs/gene.cgi?GeneID=VFG002057,VFG002057,,0
,"VFDB page was retrieved, but no VFcategory/VFC link could be parsed.",category_not_found,https://www.mgc.ac.cn/cgi-bin/VFs/gene.cgi?GeneID=VFG002058,VFG002058,,0
,"VFDB page was retrieved, but no VFcategory/VFC link could be parsed.",category_not_found,https://www.mgc.ac.cn/cgi-bin/VFs/gene.cgi?GeneID=VFG002064,VFG002064,,0
,"VFDB page was retrieved, but no VFcategory/VFC link could be parsed.",category_not_found,https://www.mgc.ac.cn/cgi-bin/VFs/gene.cgi?GeneID=VFG002065,VFG002065,,0
,"VFDB page was retrieved, but no VFcategory/VFC link could be parsed.",category_not_found,https://www.mgc.ac.cn/cgi-bin/VFs/gene.cgi?GeneID=VFG002067,VFG002067,,0
,"VFDB page was retrieved, but no VFcategory/VFC link could be parsed.",category_not_found,https://www.mgc.ac.cn/cgi-bin/VFs/gene.cgi?GeneID=VFG002070,VFG002070,,0
,"VFDB page was retrieved, but no VFcategory/VFC link could be parsed.",category_not_found,https://www.mgc.ac.cn/cgi-bin/VFs/gene.cgi?GeneID=VFG002075,VFG002075,,0
,"VFDB page was retrieved, but no VFcategory/VFC link could be parsed.",category_not_found,https://www.mgc.ac.cn/cgi-bin/VFs/gene.cgi?GeneID=VFG002077,VFG002077,,0
,"VFDB page was retrieved, but no VFcategory/VFC link could be parsed.",category_not_found,https://www.mgc.ac.cn/cgi-bin/VFs/gene.cgi?GeneID=VFG014043,VFG014043,,0
,"VFDB page was retrieved, but no VFcategory/VFC link could be parsed.",category_not_found,https://www.mgc.ac.cn/cgi-bin/VFs/gene.cgi?GeneID=VFG014062,VFG014062,,0
,"VFDB page was retrieved, but no VFcategory/VFC link could be parsed.",category_not_found,https://www.mgc.ac.cn/cgi-bin/VFs/gene.cgi?GeneID=VFG014254,VFG014254,,0
,"VFDB page was retrieved, but no VFcategory/VFC link could be parsed.",category_not_found,https://www.mgc.ac.cn/cgi-bin/VFs/gene.cgi?GeneID=VFG014358,VFG014358,,0
,"VFDB page was retrieved, but no VFcategory/VFC link could be parsed.",category_not_found,https://www.mgc.ac.cn/cgi-bin/VFs/gene.cgi?GeneID=VFG014369,VFG014369,,0
,"VFDB page was retrieved, but no VFcategory/VFC link could be parsed.",category_not_found,https://www.mgc.ac.cn/cgi-bin/VFs/gene.cgi?GeneID=VFG014473,VFG014473,,0
,"VFDB page was retrieved, but no VFcategory/VFC link could be parsed.",category_not_found,https://www.mgc.ac.cn/cgi-bin/VFs/gene.cgi?GeneID=VFG014501,VFG014501,,0
,"VFDB page was retrieved, but no VFcategory/VFC link could be parsed.",category_not_found,https://www.mgc.ac.cn/cgi-bin/VFs/gene.cgi?GeneID=VFG014681,VFG014681,,0
,"VFDB page was retrieved, but no VFcategory/VFC link could be parsed.",category_not_found,https://www.mgc.ac.cn/cgi-bin/VFs/gene.cgi?GeneID=VFG014783,VFG014783,,0
,"VFDB page was retrieved, but no VFcategory/VFC link could be parsed.",category_not_found,https://www.mgc.ac.cn/cgi-bin/VFs/gene.cgi?GeneID=VFG014844,VFG014844,,0
,"VFDB page was retrieved, but no VFcategory/VFC link could be parsed.",category_not_found,https://www.mgc.ac.cn/cgi-bin/VFs/gene.cgi?GeneID=VFG014893,VFG014893,,0
,"VFDB page was retrieved, but no VFcategory/VFC link could be parsed.",category_not_found,https://www.mgc.ac.cn/cgi-bin/VFs/gene.cgi?GeneID=VFG014950,VFG014950,,0
,"VFDB page was retrieved, but no VFcategory/VFC link could be parsed.",category_not_found,https://www.mgc.ac.cn/cgi-bin/VFs/gene.cgi?GeneID=VFG014986,VFG014986,,0
,"VFDB page was retrieved, but no VFcategory/VFC link could be parsed.",category_not_found,https://www.mgc.ac.cn/cgi-bin/VFs/gene.cgi?GeneID=VFG015000,VFG015000,,0
,"VFDB page was retrieved, but no VFcategory/VFC link could be parsed.",category_not_found,https://www.mgc.ac.cn/cgi-bin/VFs/gene.cgi?GeneID=VFG015067,VFG015067,,0
,"VFDB page was retrieved, but no VFcategory/VFC link could be parsed.",category_not_found,https://www.mgc.ac.cn/cgi-bin/VFs/gene.cgi?GeneID=VFG015168,VFG015168,,0
,"VFDB page was retrieved, but no VFcategory/VFC link could be parsed.",category_not_found,https://www.mgc.ac.cn/cgi-bin/VFs/gene.cgi?GeneID=VFG015387,VFG015387,,0
,"VFDB page was retrieved, but no VFcategory/VFC link could be parsed.",category_not_found,https://www.mgc.ac.cn/cgi-bin/VFs/gene.cgi?GeneID=VFG015404,VFG015404,,0
,"VFDB page was retrieved, but no VFcategory/VFC link could be parsed.",category_not_found,https://www.mgc.ac.cn/cgi-bin/VFs/gene.cgi?GeneID=VFG015473,VFG015473,,0
,"VFDB page was retrieved, but no VFcategory/VFC link could be parsed.",category_not_found,https://www.mgc.ac.cn/cgi-bin/VFs/gene.cgi?GeneID=VFG015491,VFG015491,,0
,"VFDB page was retrieved, but no VFcategory/VFC link could be parsed.",category_not_found,https://www.mgc.ac.cn/cgi-bin/VFs/gene.cgi?GeneID=VFG015515,VFG015515,,0
,"VFDB page was retrieved, but no VFcategory/VFC link could be parsed.",category_not_found,https://www.mgc.ac.cn/cgi-bin/VFs/gene.cgi?GeneID=VFG015552,VFG015552,,0
,"VFDB page was retrieved, but no VFcategory/VFC link could be parsed.",category_not_found,https://www.mgc.ac.cn/cgi-bin/VFs/gene.cgi?GeneID=VFG015846,VFG015846,,0
,"VFDB page was retrieved, but no VFcategory/VFC link could be parsed.",category_not_found,https://www.mgc.ac.cn/cgi-bin/VFs/gene.cgi?GeneID=VFG015852,VFG015852,,0
,"VFDB page was retrieved, but no VFcategory/VFC link could be parsed.",category_not_found,https://www.mgc.ac.cn/cgi-bin/VFs/gene.cgi?GeneID=VFG015856,VFG015856,,0
,"VFDB page was retrieved, but no VFcategory/VFC link could be parsed.",category_not_found,https://www.mgc.ac.cn/cgi-bin/VFs/gene.cgi?GeneID=VFG015920,VFG015920,,0
,"VFDB page was retrieved, but no VFcategory/VFC link could be parsed.",category_not_found,https://www.mgc.ac.cn/cgi-bin/VFs/gene.cgi?GeneID=VFG015926,VFG015926,,0
,"VFDB page was retrieved, but no VFcategory/VFC link could be parsed.",category_not_found,https://www.mgc.ac.cn/cgi-bin/VFs/gene.cgi?GeneID=VFG015950,VFG015950,,0
,"VFDB page was retrieved, but no VFcategory/VFC link could be parsed.",category_not_found,https://www.mgc.ac.cn/cgi-bin/VFs/gene.cgi?GeneID=VFG016048,VFG016048,,0
,"VFDB page was retrieved, but no VFcategory/VFC link could be parsed.",category_not_found,https://www.mgc.ac.cn/cgi-bin/VFs/gene.cgi?GeneID=VFG016060,VFG016060,,0
,"VFDB page was retrieved, but no VFcategory/VFC link could be parsed.",category_not_found,https://www.mgc.ac.cn/cgi-bin/VFs/gene.cgi?GeneID=VFG016117,VFG016117,,0
,"VFDB page was retrieved, but no VFcategory/VFC link could be parsed.",category_not_found,https://www.mgc.ac.cn/cgi-bin/VFs/gene.cgi?GeneID=VFG019773,VFG019773,,0
,"VFDB page was retrieved, but no VFcategory/VFC link could be parsed.",category_not_found,https://www.mgc.ac.cn/cgi-bin/VFs/gene.cgi?GeneID=VFG019790,VFG019790,,0
,"VFDB page was retrieved, but no VFcategory/VFC link could be parsed.",category_not_found,https://www.mgc.ac.cn/cgi-bin/VFs/gene.cgi?GeneID=VFG019945,VFG019945,,0
,"VFDB page was retrieved, but no VFcategory/VFC link could be parsed.",category_not_found,https://www.mgc.ac.cn/cgi-bin/VFs/gene.cgi?GeneID=VFG019951,VFG019951,,0
,"VFDB page was retrieved, but no VFcategory/VFC link could be parsed.",category_not_found,https://www.mgc.ac.cn/cgi-bin/VFs/gene.cgi?GeneID=VFG020003,VFG020003,,0
,"VFDB page was retrieved, but no VFcategory/VFC link could be parsed.",category_not_found,https://www.mgc.ac.cn/cgi-bin/VFs/gene.cgi?GeneID=VFG020036,VFG020036,,0
,"VFDB page was retrieved, but no VFcategory/VFC link could be parsed.",category_not_found,https://www.mgc.ac.cn/cgi-bin/VFs/gene.cgi?GeneID=VFG020090,VFG020090,,0
,"VFDB page was retrieved, but no VFcategory/VFC link could be parsed.",category_not_found,https://www.mgc.ac.cn/cgi-bin/VFs/gene.cgi?GeneID=VFG020092,VFG020092,,0
,"VFDB page was retrieved, but no VFcategory/VFC link could be parsed.",category_not_found,https://www.mgc.ac.cn/cgi-bin/VFs/gene.cgi?GeneID=VFG040875,VFG040875,,0
,"VFDB page was retrieved, but no VFcategory/VFC link could be parsed.",category_not_found,https://www.mgc.ac.cn/cgi-bin/VFs/gene.cgi?GeneID=VFG040877,VFG040877,,0
,"VFDB page was retrieved, but no VFcategory/VFC link could be parsed.",category_not_found,https://www.mgc.ac.cn/cgi-bin/VFs/gene.cgi?GeneID=VFG040878,VFG040878,,0
,"VFDB page was retrieved, but no VFcategory/VFC link could be parsed.",category_not_found,https://www.mgc.ac.cn/cgi-bin/VFs/gene.cgi?GeneID=VFG040879,VFG040879,,0
,"VFDB page was retrieved, but no VFcategory/VFC link could be parsed.",category_not_found,https://www.mgc.ac.cn/cgi-bin/VFs/gene.cgi?GeneID=VFG041011,VFG041011,,0
,"VFDB page was retrieved, but no VFcategory/VFC link could be parsed.",category_not_found,https://www.mgc.ac.cn/cgi-bin/VFs/gene.cgi?GeneID=VFG041014,VFG041014,,0
,"VFDB page was retrieved, but no VFcategory/VFC link could be parsed.",category_not_found,https://www.mgc.ac.cn/cgi-bin/VFs/gene.cgi?GeneID=VFG041016,VFG041016,,0
,"VFDB page was retrieved, but no VFcategory/VFC link could be parsed.",category_not_found,https://www.mgc.ac.cn/cgi-bin/VFs/gene.cgi?GeneID=VFG041021,VFG041021,,0
,"VFDB page was retrieved, but no VFcategory/VFC link could be parsed.",category_not_found,https://www.mgc.ac.cn/cgi-bin/VFs/gene.cgi?GeneID=VFG041023,VFG041023,,0
,"VFDB page was retrieved, but no VFcategory/VFC link could be parsed.",category_not_found,https://www.mgc.ac.cn/cgi-bin/VFs/gene.cgi?GeneID=VFG041025,VFG041025,,0
,"VFDB page was retrieved, but no VFcategory/VFC link could be parsed.",category_not_found,https://www.mgc.ac.cn/cgi-bin/VFs/gene.cgi?GeneID=VFG041027,VFG041027,,0
,"VFDB page was retrieved, but no VFcategory/VFC link could be parsed.",category_not_found,https://www.mgc.ac.cn/cgi-bin/VFs/gene.cgi?GeneID=VFG041031,VFG041031,,0
,"VFDB page was retrieved, but no VFcategory/VFC link could be parsed.",category_not_found,https://www.mgc.ac.cn/cgi-bin/VFs/gene.cgi?GeneID=VFG041035,VFG041035,,0
,"VFDB page was retrieved, but no VFcategory/VFC link could be parsed.",category_not_found,https://www.mgc.ac.cn/cgi-bin/VFs/gene.cgi?GeneID=VFG041038,VFG041038,,0
,"VFDB page was retrieved, but no VFcategory/VFC link could be parsed.",category_not_found,https://www.mgc.ac.cn/cgi-bin/VFs/gene.cgi?GeneID=VFG041041,VFG041041,,0
,"VFDB page was retrieved, but no VFcategory/VFC link could be parsed.",category_not_found,https://www.mgc.ac.cn/cgi-bin/VFs/gene.cgi?GeneID=VFG041042,VFG041042,,0
,"VFDB page was retrieved, but no VFcategory/VFC link could be parsed.",category_not_found,https://www.mgc.ac.cn/cgi-bin/VFs/gene.cgi?GeneID=VFG041043,VFG041043,,0
,"VFDB page was retrieved, but no VFcategory/VFC link could be parsed.",category_not_found,https://www.mgc.ac.cn/cgi-bin/VFs/gene.cgi?GeneID=VFG041047,VFG041047,,0
,"VFDB page was retrieved, but no VFcategory/VFC link could be parsed.",category_not_found,https://www.mgc.ac.cn/cgi-bin/VFs/gene.cgi?GeneID=VFG042297,VFG042297,,0
,"VFDB page was retrieved, but no VFcategory/VFC link could be parsed.",category_not_found,https://www.mgc.ac.cn/cgi-bin/VFs/gene.cgi?GeneID=VFG042695,VFG042695,,0
,"VFDB page was retrieved, but no VFcategory/VFC link could be parsed.",category_not_found,https://www.mgc.ac.cn/cgi-bin/VFs/gene.cgi?GeneID=VFG042696,VFG042696,,0
,"VFDB page was retrieved, but no VFcategory/VFC link could be parsed.",category_not_found,https://www.mgc.ac.cn/cgi-bin/VFs/gene.cgi?GeneID=VFG042698,VFG042698,,0
,"VFDB page was retrieved, but no VFcategory/VFC link could be parsed.",category_not_found,https://www.mgc.ac.cn/cgi-bin/VFs/gene.cgi?GeneID=VFG042699,VFG042699,,0
,"VFDB page was retrieved, but no VFcategory/VFC link could be parsed.",category_not_found,https://www.mgc.ac.cn/cgi-bin/VFs/gene.cgi?GeneID=VFG042701,VFG042701,,0
,"VFDB page was retrieved, but no VFcategory/VFC link could be parsed.",category_not_found,https://www.mgc.ac.cn/cgi-bin/VFs/gene.cgi?GeneID=VFG042706,VFG042706,,0
,"VFDB page was retrieved, but no VFcategory/VFC link could be parsed.",category_not_found,https://www.mgc.ac.cn/cgi-bin/VFs/gene.cgi?GeneID=VFG042735,VFG042735,,0
,"VFDB page was retrieved, but no VFcategory/VFC link could be parsed.",category_not_found,https://www.mgc.ac.cn/cgi-bin/VFs/gene.cgi?GeneID=VFG042736,VFG042736,,0
,"VFDB page was retrieved, but no VFcategory/VFC link could be parsed.",category_not_found,https://www.mgc.ac.cn/cgi-bin/VFs/gene.cgi?GeneID=VFG042738,VFG042738,,0
,"VFDB page was retrieved, but no VFcategory/VFC link could be parsed.",category_not_found,https://www.mgc.ac.cn/cgi-bin/VFs/gene.cgi?GeneID=VFG042740,VFG042740,,0
,"VFDB page was retrieved, but no VFcategory/VFC link could be parsed.",category_not_found,https://www.mgc.ac.cn/cgi-bin/VFs/gene.cgi?GeneID=VFG042744,VFG042744,,0
,"VFDB page was retrieved, but no VFcategory/VFC link could be parsed.",category_not_found,https://www.mgc.ac.cn/cgi-bin/VFs/gene.cgi?GeneID=VFG042749,VFG042749,,0
,"VFDB page was retrieved, but no VFcategory/VFC link could be parsed.",category_not_found,https://www.mgc.ac.cn/cgi-bin/VFs/gene.cgi?GeneID=VFG042750,VFG042750,,0
,"VFDB page was retrieved, but no VFcategory/VFC link could be parsed.",category_not_found,https://www.mgc.ac.cn/cgi-bin/VFs/gene.cgi?GeneID=VFG042751,VFG042751,,0
,"VFDB page was retrieved, but no VFcategory/VFC link could be parsed.",category_not_found,https://www.mgc.ac.cn/cgi-bin/VFs/gene.cgi?GeneID=VFG043014,VFG043014,,0
,"VFDB page was retrieved, but no VFcategory/VFC link could be parsed.",category_not_found,https://www.mgc.ac.cn/cgi-bin/VFs/gene.cgi?GeneID=VFG043015,VFG043015,,0
,"VFDB page was retrieved, but no VFcategory/VFC link could be parsed.",category_not_found,https://www.mgc.ac.cn/cgi-bin/VFs/gene.cgi?GeneID=VFG043480,VFG043480,,0
,"VFDB page was retrieved, but no VFcategory/VFC link could be parsed.",category_not_found,https://www.mgc.ac.cn/cgi-bin/VFs/gene.cgi?GeneID=VFG043648,VFG043648,,0
,"VFDB page was retrieved, but no VFcategory/VFC link could be parsed.",category_not_found,https://www.mgc.ac.cn/cgi-bin/VFs/gene.cgi?GeneID=VFG043810,VFG043810,,0
,"VFDB page was retrieved, but no VFcategory/VFC link could be parsed.",category_not_found,https://www.mgc.ac.cn/cgi-bin/VFs/gene.cgi?GeneID=VFG044081,VFG044081,,0
,"VFDB page was retrieved, but no VFcategory/VFC link could be parsed.",category_not_found,https://www.mgc.ac.cn/cgi-bin/VFs/gene.cgi?GeneID=VFG044089,VFG044089,,0
,"VFDB page was retrieved, but no VFcategory/VFC link could be parsed.",category_not_found,https://www.mgc.ac.cn/cgi-bin/VFs/gene.cgi?GeneID=VFG044090,VFG044090,,0
,"VFDB page was retrieved, but no VFcategory/VFC link could be parsed.",category_not_found,https://www.mgc.ac.cn/cgi-bin/VFs/gene.cgi?GeneID=VFG044091,VFG044091,,0
,"VFDB page was retrieved, but no VFcategory/VFC link could be parsed.",category_not_found,https://www.mgc.ac.cn/cgi-bin/VFs/gene.cgi?GeneID=VFG044093,VFG044093,,0
,"VFDB page was retrieved, but no VFcategory/VFC link could be parsed.",category_not_found,https://www.mgc.ac.cn/cgi-bin/VFs/gene.cgi?GeneID=VFG044096,VFG044096,,0
,"VFDB page was retrieved, but no VFcategory/VFC link could be parsed.",category_not_found,https://www.mgc.ac.cn/cgi-bin/VFs/gene.cgi?GeneID=VFG044097,VFG044097,,0
,"VFDB page was retrieved, but no VFcategory/VFC link could be parsed.",category_not_found,https://www.mgc.ac.cn/cgi-bin/VFs/gene.cgi?GeneID=VFG044101,VFG044101,,0
,"VFDB page was retrieved, but no VFcategory/VFC link could be parsed.",category_not_found,https://www.mgc.ac.cn/cgi-bin/VFs/gene.cgi?GeneID=VFG044103,VFG044103,,0
,"VFDB page was retrieved, but no VFcategory/VFC link could be parsed.",category_not_found,https://www.mgc.ac.cn/cgi-bin/VFs/gene.cgi?GeneID=VFG044104,VFG044104,,0
,"VFDB page was retrieved, but no VFcategory/VFC link could be parsed.",category_not_found,https://www.mgc.ac.cn/cgi-bin/VFs/gene.cgi?GeneID=VFG044448,VFG044448,,0
,"VFDB page was retrieved, but no VFcategory/VFC link could be parsed.",category_not_found,https://www.mgc.ac.cn/cgi-bin/VFs/gene.cgi?GeneID=VFG050297,VFG050297,,0
,"VFDB page was retrieved, but no VFcategory/VFC link could be parsed.",category_not_found,https://www.mgc.ac.cn/cgi-bin/VFs/gene.cgi?GeneID=VFG050300,VFG050300,,0
,"VFDB page was retrieved, but no VFcategory/VFC link could be parsed.",category_not_found,https://www.mgc.ac.cn/cgi-bin/VFs/gene.cgi?GeneID=VFG051484,VFG051484,,0
,"VFDB page was retrieved, but no VFcategory/VFC link could be parsed.",category_not_found,https://www.mgc.ac.cn/cgi-bin/VFs/gene.cgi?GeneID=VFG051485,VFG051485,,0
,"VFDB page was retrieved, but no VFcategory/VFC link could be parsed.",category_not_found,https://www.mgc.ac.cn/cgi-bin/VFs/gene.cgi?GeneID=VFG051491,VFG051491,,0
,"VFDB page was retrieved, but no VFcategory/VFC link could be parsed.",category_not_found,https://www.mgc.ac.cn/cgi-bin/VFs/gene.cgi?GeneID=VFG051535,VFG051535,,0
,"VFDB page was retrieved, but no VFcategory/VFC link could be parsed.",category_not_found,https://www.mgc.ac.cn/cgi-bin/VFs/gene.cgi?GeneID=VFG051543,VFG051543,,0
,"VFDB page was retrieved, but no VFcategory/VFC link could be parsed.",category_not_found,https://www.mgc.ac.cn/cgi-bin/VFs/gene.cgi?GeneID=VFG051551,VFG051551,,0
,"VFDB page was retrieved, but no VFcategory/VFC link could be parsed.",category_not_found,https://www.mgc.ac.cn/cgi-bin/VFs/gene.cgi?GeneID=VFG051596,VFG051596,,0
,"VFDB page was retrieved, but no VFcategory/VFC link could be parsed.",category_not_found,https://www.mgc.ac.cn/cgi-bin/VFs/gene.cgi?GeneID=VFG051601,VFG051601,,0
,"VFDB page was retrieved, but no VFcategory/VFC link could be parsed.",category_not_found,https://www.mgc.ac.cn/cgi-bin/VFs/gene.cgi?GeneID=VFG051607,VFG051607,,0
,"VFDB page was retrieved, but no VFcategory/VFC link could be parsed.",category_not_found,https://www.mgc.ac.cn/cgi-bin/VFs/gene.cgi?GeneID=VFG051661,VFG051661,,0
